case_id,entity_localization,fault_identification,reasoning_process,final_score,retrieval_precision,retrieval_recall,explainability,load_time_s,load_metrics_s,load_logs_s,load_traces_s,load_events_s,load_alerts_s,alert_parse_time_s,graph_retrieval_time_s,candidate_subgraph_size,graph_anchor_time_s,graph_anchor_entity_ids,graph_anchor_fault_type,propagation_path_hops,vector_index_build_time_s,indexed_observations,observations_before_graph_filter,hybrid_retrieval_time_s,evidence_items_retrieved,evidence_items_from_vector,evidence_items_from_graph_direct,evidence_count_metrics,evidence_count_logs,evidence_count_traces,evidence_count_events,evidence_count_alerts,log_error_pattern_count,trend_increase_count,trend_decrease_count,trend_new_nonzero_count,trend_dropped_zero_count,summarization_time_s,multi_agent_time_s,total_calls,total_tokens,total_pipeline_time_s,used_entity_fallback,predicted_fault_type,gt_fault_type,fault_group_identification,predicted_fault_group,gt_fault_group,predicted_entity_ids,gt_target_entity_ids,system
t001,0.5,1.0,0.5289,0.6587,0.0909,1.0,0.8333,21.320621013641357,0.8096933364868164,11.40143346786499,8.731024026870728,0.31635022163391113,0.006393909454345703,1.4543533325195312e-05,0.014460563659667969,125,29.274897575378418,55e5d48e4d1bdc8b07f350cb89476ad1,F014-httpError5xx,2,11.1060152053833,10000,1202614,0.060594797134399414,141,58,96,124,4,4,6,3,4,11,20,0,0,0.0002453327178955078,226.1068091392517,6,8234,288.5898895263672,False,F014-httpError5xx,F014-httpError5xx,1.0,Application logic,Application logic,55e5d48e4d1bdc8b07f350cb89476ad1,06e538f4a2950039a09fd3bba1d3b7b2,proposed_hybrid
t002,1.0,0.0,0.5194,0.5558,0.0909,1.0,0.8333,23.22147536277771,0.7128286361694336,11.739750146865845,10.387714385986328,0.3086085319519043,0.005937099456787109,1.2159347534179688e-05,0.005221366882324219,123,30.487119913101196,469f8e313055adba13ca3f4e76c65505,F010-slowSQL,2,6.379820346832275,10000,1386465,0.03285527229309082,152,20,144,127,2,2,18,3,2,29,16,0,0,0.00014925003051757812,289.6546883583069,6,10993,350.53179240226746,False,F010-slowSQL,F029-redisUnavailable,1.0,Middleware&DB,Middleware&DB,469f8e313055adba13ca3f4e76c65505,469f8e313055adba13ca3f4e76c65505,proposed_hybrid
t003,0.0156,0.0,0.326,0.104,0.0,0.0,0.8333,17.69345712661743,0.6501741409301758,10.533262491226196,6.365190029144287,0.08757591247558594,0.006185770034790039,1.049041748046875e-05,0.005120038986206055,138,30.89898371696472,7b50436b7fb9e828f0a8c32a69c53ab0,F010-slowSQL,2,4.167323589324951,10000,1092875,0.03064417839050293,142,20,129,124,0,0,15,3,0,6,3,0,0,0.00013065338134765625,302.78286504745483,6,11838,356.2352497577667,False,F010-slowSQL,F031-nodeMemoryOOM,0.0,Middleware&DB,Cloud resource,7b50436b7fb9e828f0a8c32a69c53ab0,54822d2959721bfc645f24ac2f5a3217,proposed_hybrid
t004,0.5,0.0,0.5189,0.3557,0.1,1.0,0.8333,18.02672004699707,0.7188920974731445,9.289270877838135,7.689143657684326,0.27574944496154785,0.006363868713378906,1.0251998901367188e-05,0.005078315734863281,122,31.18970561027527,469f8e313055adba13ca3f4e76c65505,F010-slowSQL,2,9.756213426589966,10000,1007859,0.033223867416381836,144,20,138,128,2,5,6,3,2,32,29,0,0,0.00013065338134765625,292.6477065086365,6,11395,352.21798515319824,False,F010-slowSQL,F006-trafficSurge,0.0,Middleware&DB,Application logic,469f8e313055adba13ca3f4e76c65505,ed13cb14265f98d9eb3b89b664760adb,proposed_hybrid
t005,0.0625,0.0,0.3874,0.1412,0.1111,1.0,0.8333,17.900846242904663,0.8426566123962402,6.314119100570679,10.431049108505249,0.23264074325561523,0.008798599243164062,2.2649765014648438e-05,0.006062030792236328,183,30.732798099517822,7b50436b7fb9e828f0a8c32a69c53ab0,F002-threadExhaustion,2,5.80054235458374,10000,1132254,0.024159669876098633,133,20,120,124,0,0,6,3,0,12,11,1,0,0.00013065338134765625,321.9835376739502,6,12197,376.9277894496918,False,F002-threadExhaustion,F026-nodeCpuHigh,0.0,JVM runtime,Cloud resource,7b50436b7fb9e828f0a8c32a69c53ab0,e9ff88d0d4435e77b15e4cc955e04836,proposed_hybrid
t006,0.25,0.0,0.5345,0.2603,0.0,0.0,0.8333,18.153915882110596,0.7408754825592041,7.515192985534668,9.546225309371948,0.26672792434692383,0.0254971981048584,2.0503997802734375e-05,0.006339073181152344,173,31.404850721359253,7b50436b7fb9e828f0a8c32a69c53ab0,F014-httpError5xx,2,7.029155015945435,10000,1092038,0.02797842025756836,119,20,108,116,0,0,0,3,0,18,66,0,0,0.00012803077697753906,261.27667784690857,6,9795,318.4565191268921,False,F014-httpError5xx,F016-rateLimiting,1.0,Application logic,Application logic,7b50436b7fb9e828f0a8c32a69c53ab0,ed13cb14265f98d9eb3b89b664760adb,proposed_hybrid
t007,0.25,0.0,0.1239,0.1372,0.0,0.0,0.8333,21.098365783691406,1.5236408710479736,11.692497253417969,7.506750583648682,0.3108408451080322,0.0065801143646240234,9.5367431640625e-06,0.005548954010009766,125,31.028294563293457,7b50436b7fb9e828f0a8c32a69c53ab0,F014-httpError5xx,2,5.926103830337524,10000,1167546,0.027185678482055664,145,20,132,136,0,0,6,3,0,11,20,0,0,0.00015735626220703125,256.26122212409973,6,9612,315.00748920440674,False,F014-httpError5xx,F002-threadExhaustion,0.0,Application logic,JVM runtime,7b50436b7fb9e828f0a8c32a69c53ab0,ed13cb14265f98d9eb3b89b664760adb,proposed_hybrid
t008,0.0312,0.0,0.4069,0.1345,0.0833,1.0,0.8333,20.723403453826904,0.692284345626831,11.500560998916626,8.361916303634644,0.09548544883728027,0.017482757568359375,9.5367431640625e-06,0.004996538162231445,123,31.349889278411865,469f8e313055adba13ca3f4e76c65505,F002-threadExhaustion,2,2.1048781871795654,5364,1184334,0.01686835289001465,140,20,132,131,0,0,6,3,0,16,3,1,0,0.00011730194091796875,327.2674000263214,6,12151,382.15120005607605,False,F002-threadExhaustion,F026-nodeCpuHigh,0.0,JVM runtime,Cloud resource,469f8e313055adba13ca3f4e76c65505,b3b2ffabc65e72425b34ea6a0caa18da,proposed_hybrid
t009,1.0,0.0,0.3424,0.5027,0.25,1.0,0.8333,19.435381650924683,0.7035155296325684,9.717391729354858,8.730020761489868,0.2259962558746338,0.007169246673583984,1.0013580322265625e-05,0.005587100982666016,123,30.379207611083984,ed13cb14265f98d9eb3b89b664760adb,F010-slowSQL,2,8.868623733520508,10000,1085214,0.02516937255859375,116,20,108,67,24,4,18,3,3,34,48,1,0,0.00024127960205078125,249.83276796340942,6,9302,309.1414089202881,False,F010-slowSQL,F007-memoryPressure,0.0,Middleware&DB,JVM runtime,ed13cb14265f98d9eb3b89b664760adb,ed13cb14265f98d9eb3b89b664760adb,proposed_hybrid
t010,0.5,0.0,0.5292,0.3588,0.0909,1.0,0.8333,18.899772882461548,0.7027571201324463,9.933094263076782,7.908904552459717,0.295975923538208,0.006302833557128906,1.0967254638671875e-05,0.0052318572998046875,123,30.512319803237915,55e5d48e4d1bdc8b07f350cb89476ad1,F010-slowSQL,2,6.073991537094116,10000,1103124,0.032073974609375,104,20,90,83,10,2,6,3,2,43,19,0,0,0.0001900196075439453,226.47602581977844,6,8231,282.61174631118774,False,F010-slowSQL,F029-redisUnavailable,1.0,Middleware&DB,Middleware&DB,55e5d48e4d1bdc8b07f350cb89476ad1,469f8e313055adba13ca3f4e76c65505,proposed_hybrid
t011,0.25,0.0,0.5185,0.2555,0.0,0.0,0.8333,17.12595820426941,0.6810808181762695,9.355623245239258,6.867565631866455,0.152940034866333,0.006917715072631836,1.0251998901367188e-05,0.03153848648071289,1805,31.261938333511353,7b50436b7fb9e828f0a8c32a69c53ab0,F014-httpError5xx,2,8.230928421020508,10000,1007592,0.5559408664703369,140,20,126,131,0,0,6,3,0,16,17,0,2,0.00013947486877441406,262.03558564186096,6,10895,319.8191387653351,False,F014-httpError5xx,F020-loadBalancerFailure,1.0,Application logic,Application logic,7b50436b7fb9e828f0a8c32a69c53ab0,ed13cb14265f98d9eb3b89b664760adb,proposed_hybrid
t012,1.0,0.0,0.5328,0.5598,0.25,1.0,0.8333,17.99147629737854,0.6817395687103271,8.891868352890015,8.17261791229248,0.09032630920410156,0.09905004501342773,1.1205673217773438e-05,0.005782127380371094,120,31.673412084579468,ed13cb14265f98d9eb3b89b664760adb,F014-httpError5xx,2,5.857689619064331,10000,1053597,0.026943445205688477,98,20,84,63,26,6,0,3,2,19,42,1,0,0.00022482872009277344,249.5785653591156,6,9339,305.7333896160126,False,F014-httpError5xx,F006-trafficSurge,1.0,Application logic,Application logic,ed13cb14265f98d9eb3b89b664760adb,ed13cb14265f98d9eb3b89b664760adb,proposed_hybrid
t013,0.25,0.0,0.1027,0.1308,0.0,0.0,0.8333,19.221790552139282,0.6797332763671875,8.3137526512146,9.889971733093262,0.277005672454834,0.006881237030029297,1.0251998901367188e-05,0.004930734634399414,133,30.8967604637146,7b50436b7fb9e828f0a8c32a69c53ab0,F014-httpError5xx,2,7.013009309768677,10000,1152687,0.026710987091064453,137,20,126,128,0,0,6,3,0,11,12,0,0,0.00012755393981933594,247.30697512626648,6,9449,305.03079986572266,False,F014-httpError5xx,F016-rateLimiting,1.0,Application logic,Application logic,7b50436b7fb9e828f0a8c32a69c53ab0,ed13cb14265f98d9eb3b89b664760adb,proposed_hybrid
t014,0.0625,1.0,0.52,0.481,0.1111,1.0,0.8333,20.534828662872314,0.735220193862915,13.246315002441406,6.167663812637329,0.3192329406738281,0.006309032440185547,1.1205673217773438e-05,0.0018608570098876953,232,27.359984636306763,1a52bc421f2aa7bd270a0f4fc47a6fe7,F014-httpError5xx,0,6.603622913360596,10000,1201701,0.023671865463256836,125,59,66,109,9,7,0,0,2,46,31,1,0,0.00015020370483398438,212.89262413978577,6,7579,268.19927978515625,False,F014-httpError5xx,F014-httpError5xx,1.0,Application logic,Application logic,1a52bc421f2aa7bd270a0f4fc47a6fe7,06e538f4a2950039a09fd3bba1d3b7b2,proposed_hybrid
t015,1.0,0.0,0.5224,0.5567,0.1667,1.0,0.8333,18.16964077949524,0.6413660049438477,8.655484199523926,8.573517322540283,0.24123263359069824,0.006201028823852539,9.775161743164062e-06,0.006595134735107422,177,30.995717525482178,ed13cb14265f98d9eb3b89b664760adb,F014-httpError5xx,2,7.58056902885437,10000,1081010,0.024092912673950195,95,20,84,53,21,6,12,3,3,30,19,1,0,0.00018978118896484375,228.63896822929382,6,9036,286.0144295692444,False,F052-podRestartFlapping,F018-dbNetworkLatency,0.0,K8s lifecycle,Middleware&DB,ed13cb14265f98d9eb3b89b664760adb,ed13cb14265f98d9eb3b89b664760adb,proposed_hybrid
t016,1.0,0.0,0.4286,0.5286,0.0909,1.0,0.8333,23.122725248336792,0.7485666275024414,13.18683409690857,8.843896865844727,0.27351880073547363,0.006411314010620117,1.0251998901367188e-05,0.005141019821166992,116,31.03323745727539,469f8e313055adba13ca3f4e76c65505,F010-slowSQL,2,6.019219636917114,10000,1302233,0.02293682098388672,140,20,132,103,24,4,6,3,2,21,15,0,0,0.00023627281188964844,257.7482521533966,6,9960,318.73378443717957,False,F010-slowSQL,F014-httpError5xx,0.0,Middleware&DB,Application logic,469f8e313055adba13ca3f4e76c65505,469f8e313055adba13ca3f4e76c65505,proposed_hybrid
t017,1.0,0.0,0.5185,0.5555,0.25,1.0,0.8333,16.929097414016724,0.6917891502380371,9.54960298538208,6.510480165481567,0.11941289901733398,0.005828857421875,2.2649765014648438e-05,0.0054569244384765625,126,30.405381441116333,ed13cb14265f98d9eb3b89b664760adb,F011-codeDefect,2,11.513436079025269,10000,1003744,0.023921728134155273,97,20,90,86,4,4,0,3,4,7,4,1,0,0.00020956993103027344,254.83957839012146,6,8378,314.29218006134033,False,F011-codeDefect,F016-rateLimiting,1.0,Application logic,Application logic,ed13cb14265f98d9eb3b89b664760adb,ed13cb14265f98d9eb3b89b664760adb,proposed_hybrid
t018,0.5,0.0,0.5108,0.3532,0.125,1.0,0.8333,19.615098237991333,0.7426402568817139,9.418167114257812,9.056907176971436,0.33290576934814453,0.007075786590576172,1.3828277587890625e-05,0.005358219146728516,134,31.420169591903687,7b50436b7fb9e828f0a8c32a69c53ab0,F002-threadExhaustion,2,6.886368989944458,10000,1157508,0.023216724395751953,139,20,126,127,0,3,6,3,0,8,14,0,0,0.0001480579376220703,207.91898679733276,6,7705,266.4999506473541,False,F002-threadExhaustion,F012-cpuDeadLoop,0.0,JVM runtime,Resource&perf.,7b50436b7fb9e828f0a8c32a69c53ab0,b96ac7e3e7bfb7a90fff90d51ba5ebf1,proposed_hybrid
t019,0.0156,0.0,0.3688,0.1169,0.0,0.0,0.8333,19.048733472824097,0.7638325691223145,9.667948484420776,8.396623373031616,0.06784629821777344,0.09203529357910156,1.049041748046875e-05,0.0051882266998291016,144,31.555458307266235,7b50436b7fb9e828f0a8c32a69c53ab0,F002-threadExhaustion,2,2.7797698974609375,5367,1132327,0.016580581665039062,128,20,114,119,0,0,6,3,0,11,5,0,0,0.00012636184692382812,284.7046630382538,6,11180,338.7391188144684,False,F006-trafficSurge,F026-nodeCpuHigh,0.0,Application logic,Cloud resource,7b50436b7fb9e828f0a8c32a69c53ab0,f97f547e9f5113a60d60db8836b0def6,proposed_hybrid
t020,0.5,0.0,0.4861,0.3458,0.125,1.0,0.8333,19.32144832611084,1.4056406021118164,8.937248945236206,8.622112512588501,0.2907707691192627,0.007559776306152344,2.2172927856445312e-05,0.007138490676879883,202,31.559759378433228,7b50436b7fb9e828f0a8c32a69c53ab0,F014-httpError5xx,2,7.231953382492065,10000,1117892,0.018563032150268555,116,20,102,99,4,4,6,3,2,21,54,0,0,0.00018405914306640625,236.48894715309143,6,8086,295.286714553833,False,F014-httpError5xx,F016-rateLimiting,1.0,Application logic,Application logic,7b50436b7fb9e828f0a8c32a69c53ab0,ed13cb14265f98d9eb3b89b664760adb,proposed_hybrid
t021,0.5,1.0,0.52,0.656,0.125,1.0,0.8333,15.375039100646973,0.6567597389221191,7.709350824356079,6.810449123382568,0.14457464218139648,0.006515979766845703,1.049041748046875e-05,0.006535768508911133,200,31.374314546585083,7b50436b7fb9e828f0a8c32a69c53ab0,F010-slowSQL,2,7.741860389709473,10000,907206,0.01876664161682129,116,20,102,103,2,2,6,3,0,20,15,0,0,0.0001595020294189453,261.01836681365967,6,9574,316.05311489105225,False,F010-slowSQL,F010-slowSQL,1.0,Middleware&DB,Middleware&DB,7b50436b7fb9e828f0a8c32a69c53ab0,ed13cb14265f98d9eb3b89b664760adb,proposed_hybrid
t022,0.0312,0.0,0.2924,0.1002,0.0,0.0,0.8333,19.96532940864563,0.7082545757293701,10.18460488319397,8.848647832870483,0.15831542015075684,0.005827665328979492,1.0013580322265625e-05,0.004888772964477539,83,30.674317598342896,ed13cb14265f98d9eb3b89b664760adb,F014-httpError5xx,2,2.622784376144409,5407,1212296,0.016276121139526367,103,20,96,100,0,0,0,3,0,9,1,1,0,0.0001308917999267578,290.8517715930939,6,10999,344.7646162509918,False,F050-podCrashLoop,F025-diskIOHigh,0.0,K8s lifecycle,Resource&perf.,ed13cb14265f98d9eb3b89b664760adb,5c84b4649c75deeacfbd4149e3c8b496,proposed_hybrid
t023,0.5,0.0,0.5251,0.3575,0.1,1.0,0.8333,20.305630207061768,0.7003843784332275,11.57926893234253,7.667309284210205,0.29386186599731445,0.0069501399993896484,1.0013580322265625e-05,0.005147218704223633,122,30.40938448905945,469f8e313055adba13ca3f4e76c65505,F010-slowSQL,2,0.20700550079345703,10000,1197885,0.022276878356933594,144,20,138,128,2,5,6,3,2,31,29,0,0,0.00016546249389648438,300.5515892505646,6,11439,352.18898487091064,False,F014-httpError5xx,F006-trafficSurge,1.0,Application logic,Application logic,469f8e313055adba13ca3f4e76c65505,7b50436b7fb9e828f0a8c32a69c53ab0,proposed_hybrid
t024,1.0,0.0,0.3623,0.5087,0.2,1.0,0.8333,17.702538013458252,0.7136294841766357,7.679005861282349,8.98244833946228,0.26276516914367676,0.00661468505859375,7.62939453125e-06,0.0048465728759765625,82,30.26843523979187,ed13cb14265f98d9eb3b89b664760adb,F001-nodeDown,2,2.963677406311035,5514,1118979,0.02197551727294922,120,20,114,101,0,0,18,1,0,15,12,1,0,0.00015163421630859375,273.49795627593994,6,10421,325.01872062683105,False,F014-httpError5xx,F007-memoryPressure,0.0,Application logic,JVM runtime,ed13cb14265f98d9eb3b89b664760adb,ed13cb14265f98d9eb3b89b664760adb,proposed_hybrid
t025,1.0,0.0,0.5268,0.558,0.1667,1.0,0.8333,16.008452892303467,0.6392323970794678,9.623542308807373,5.503255367279053,0.1877436637878418,0.006293058395385742,1.0728836059570312e-05,0.0062160491943359375,177,30.814789295196533,ed13cb14265f98d9eb3b89b664760adb,F010-slowSQL,2,3.016437292098999,10000,958203,0.021633148193359375,97,20,84,47,27,8,12,3,5,26,18,1,0,0.0002639293670654297,195.63364052772522,6,7145,246.06930899620056,False,F010-slowSQL,F018-dbNetworkLatency,1.0,Middleware&DB,Middleware&DB,ed13cb14265f98d9eb3b89b664760adb,ed13cb14265f98d9eb3b89b664760adb,proposed_hybrid
t026,0.5,0.0,0.3395,0.3019,0.125,1.0,0.8333,18.48197627067566,0.7315387725830078,9.686440467834473,7.706017971038818,0.2987339496612549,0.0057277679443359375,1.1444091796875e-05,0.005753278732299805,135,30.716043710708618,55e5d48e4d1bdc8b07f350cb89476ad1,F014-httpError5xx,2,7.793212413787842,10000,1058673,0.027496814727783203,117,55,72,115,0,0,0,2,0,15,31,0,0,0.0001251697540283203,296.03412556648254,6,11341,353.7018051147461,False,F014-httpError5xx,F039-resourceLimitMisconfig,0.0,Application logic,K8s lifecycle,55e5d48e4d1bdc8b07f350cb89476ad1,b966e1cdfad1990aea191923bbcaae31,proposed_hybrid
t027,1.0,0.0,0.412,0.5236,0.2,1.0,0.8333,20.41999840736389,0.6962642669677734,11.221497297286987,8.194753646850586,0.237776517868042,0.006574392318725586,7.62939453125e-06,0.0048084259033203125,83,29.999709367752075,ed13cb14265f98d9eb3b89b664760adb,F001-nodeDown,2,2.857929229736328,5567,1236611,0.020249366760253906,122,20,114,101,0,0,18,3,0,16,18,0,0,0.00012612342834472656,291.2474684715271,6,10881,345.25281262397766,False,F001-nodeDown,F034-cpuFullLoad,0.0,Cloud resource,Resource&perf.,ed13cb14265f98d9eb3b89b664760adb,ed13cb14265f98d9eb3b89b664760adb,proposed_hybrid
t028,1.0,0.0,0.5152,0.5546,0.25,1.0,0.8333,18.30473232269287,0.705967903137207,8.81504225730896,8.566151857376099,0.07534360885620117,0.08647990226745605,2.0742416381835938e-05,0.005401611328125,127,30.402328491210938,ed13cb14265f98d9eb3b89b664760adb,F014-httpError5xx,2,7.2649736404418945,10000,1084778,0.02193284034729004,116,20,102,70,21,4,18,3,4,23,18,0,0,0.00017142295837402344,236.36857223510742,6,9064,292.98019886016846,False,F011-codeDefect,F014-httpError5xx,1.0,Application logic,Application logic,ed13cb14265f98d9eb3b89b664760adb,ed13cb14265f98d9eb3b89b664760adb,proposed_hybrid
t029,1.0,0.0,0.4255,0.5276,0.25,1.0,0.8333,15.768610715866089,0.6739509105682373,8.832367897033691,6.07477068901062,0.12974262237548828,0.005897998809814453,1.049041748046875e-05,0.0054721832275390625,118,30.18584966659546,ed13cb14265f98d9eb3b89b664760adb,F011-codeDefect,2,7.052074909210205,10000,994115,0.01799488067626953,97,20,84,86,4,4,0,3,2,21,12,1,0,0.00015854835510253906,217.4014494419098,6,7917,271.02335929870605,False,F011-codeDefect,F023-nullPointerException,1.0,Application logic,Application logic,ed13cb14265f98d9eb3b89b664760adb,ed13cb14265f98d9eb3b89b664760adb,proposed_hybrid
t030,1.0,1.0,0.5333,0.86,0.25,1.0,0.8333,16.949991941452026,0.7147858142852783,10.606613159179688,5.368410110473633,0.17834091186523438,0.031160831451416016,9.5367431640625e-06,0.005882740020751953,178,31.425061225891113,ed13cb14265f98d9eb3b89b664760adb,F010-slowSQL,2,7.3780786991119385,10000,986389,0.01895618438720703,92,20,72,45,26,6,12,3,11,35,14,0,0,0.00046706199645996094,265.431960105896,6,8592,321.81671714782715,False,F010-slowSQL,F010-slowSQL,1.0,Middleware&DB,Middleware&DB,ed13cb14265f98d9eb3b89b664760adb,ed13cb14265f98d9eb3b89b664760adb,proposed_hybrid
t031,0.5,0.0,0.5276,0.3583,0.0909,1.0,0.8333,17.800316333770752,0.7049224376678467,8.948910474777222,7.8996546268463135,0.1848745346069336,0.006290435791015625,9.775161743164062e-06,0.0053060054779052734,131,30.792467832565308,55e5d48e4d1bdc8b07f350cb89476ad1,F010-slowSQL,2,3.2431721687316895,5404,1067086,0.01797199249267578,92,20,78,89,0,0,0,3,0,8,8,0,0,0.00012993812561035156,285.5679647922516,6,10246,338.0098719596863,False,F010-slowSQL,F029-redisUnavailable,1.0,Middleware&DB,Middleware&DB,55e5d48e4d1bdc8b07f350cb89476ad1,469f8e313055adba13ca3f4e76c65505,proposed_hybrid
t032,1.0,0.0,0.5246,0.5574,0.25,1.0,0.8333,18.119882583618164,0.6397438049316406,8.749997615814209,8.416176557540894,0.08646798133850098,0.1714794635772705,1.0967254638671875e-05,0.0062830448150634766,176,30.060863971710205,ed13cb14265f98d9eb3b89b664760adb,F014-httpError5xx,2,6.847402572631836,10000,1076834,0.02144479751586914,92,20,74,63,6,6,14,3,3,27,49,0,0,0.0001513957977294922,242.00629043579102,6,9012,297.6520822048187,False,F014-httpError5xx,F016-rateLimiting,1.0,Application logic,Application logic,ed13cb14265f98d9eb3b89b664760adb,ed13cb14265f98d9eb3b89b664760adb,proposed_hybrid
t033,0.125,0.0,0.4286,0.1786,0.0,0.0,0.8333,19.30673360824585,0.6931142807006836,11.548632860183716,6.868194580078125,0.13398528099060059,0.005728006362915039,1.0728836059570312e-05,0.006543874740600586,180,30.093021392822266,ae41c357daeed41f49e51340e779af71,F020-loadBalancerFailure,2,6.795145273208618,10000,1138149,0.03731989860534668,112,47,72,82,24,4,0,2,0,8,34,0,0,0.00023436546325683594,278.82167172431946,6,10700,335.7354664802551,False,F020-loadBalancerFailure,F036-replicaScaleDown,0.0,Application logic,K8s lifecycle,ae41c357daeed41f49e51340e779af71,53ba95864da43d9f76c51d6688ef55fd,proposed_hybrid
t034,0.25,0.0,0.5303,0.2591,0.0,0.0,0.8333,20.149109601974487,0.6827836036682129,9.58231234550476,9.719495058059692,0.09914040565490723,0.0059642791748046875,9.5367431640625e-06,0.005741596221923828,177,30.855696439743042,7b50436b7fb9e828f0a8c32a69c53ab0,F014-httpError5xx,2,10.871917963027954,10000,1179655,0.019475460052490234,120,20,108,117,0,0,0,3,0,22,6,0,0,0.00014781951904296875,227.73057913780212,6,9258,290.2704837322235,False,F014-httpError5xx,F016-rateLimiting,1.0,Application logic,Application logic,7b50436b7fb9e828f0a8c32a69c53ab0,ed13cb14265f98d9eb3b89b664760adb,proposed_hybrid
t035,1.0,0.0,0.4335,0.5301,0.25,1.0,1.0,16.8199360370636,0.7313952445983887,7.400481939315796,8.489660739898682,0.1373131275177002,0.0060040950775146484,1.0251998901367188e-05,0.005295991897583008,118,30.487540006637573,ed13cb14265f98d9eb3b89b664760adb,F014-httpError5xx,2,5.757938385009766,10000,997959,0.020221710205078125,98,20,84,67,24,4,0,3,2,15,14,1,0,0.0001971721649169922,243.51999163627625,6,9032,297.124804019928,False,F011-codeDefect,F023-nullPointerException,1.0,Application logic,Application logic,ed13cb14265f98d9eb3b89b664760adb,ed13cb14265f98d9eb3b89b664760adb,proposed_hybrid
t036,0.0312,0.0,0.4179,0.1378,0.0833,1.0,0.8333,19.6204936504364,0.6921513080596924,8.858424425125122,9.841880559921265,0.15872859954833984,0.009024858474731445,1.5974044799804688e-05,0.005386829376220703,123,30.648508310317993,469f8e313055adba13ca3f4e76c65505,F010-slowSQL,2,0.11012792587280273,5364,1183320,0.01581597328186035,140,20,132,131,0,0,6,3,0,17,4,0,0,0.00015401840209960938,305.1993911266327,6,11953,356.21116185188293,False,F010-slowSQL,F026-nodeCpuHigh,0.0,Middleware&DB,Cloud resource,469f8e313055adba13ca3f4e76c65505,b3b2ffabc65e72425b34ea6a0caa18da,proposed_hybrid
t037,1.0,0.0,0.4401,0.532,0.25,1.0,0.8333,21.382039308547974,0.7260196208953857,10.379199743270874,9.983068943023682,0.22009873390197754,0.01092529296875,2.288818359375e-05,0.0046503543853759766,54,30.27537250518799,ed13cb14265f98d9eb3b89b664760adb,F020-loadBalancerFailure,2,9.25073766708374,10000,1230063,0.02159905433654785,110,20,108,103,2,2,0,3,1,49,13,0,0,0.00013875961303710938,254.26836967468262,6,9978,315.87007880210876,False,F014-httpError5xx,F016-rateLimiting,1.0,Application logic,Application logic,ed13cb14265f98d9eb3b89b664760adb,ed13cb14265f98d9eb3b89b664760adb,proposed_hybrid
t038,0.0312,0.0,0.3381,0.1139,0.0769,1.0,0.8333,18.650927782058716,0.6869890689849854,9.511018991470337,8.304102182388306,0.06539463996887207,0.02685546875,1.0251998901367188e-05,0.0050811767578125,120,30.63125777244568,469f8e313055adba13ca3f4e76c65505,F010-slowSQL,2,3.3054020404815674,5366,1084318,0.01613140106201172,139,20,132,130,0,0,6,3,0,5,12,1,0,0.00013947486877441406,317.9357945919037,6,12218,371.1364688873291,False,F010-slowSQL,F026-nodeCpuHigh,0.0,Middleware&DB,Cloud resource,469f8e313055adba13ca3f4e76c65505,b3b2ffabc65e72425b34ea6a0caa18da,proposed_hybrid
t039,0.5,0.0,0.5277,0.3583,0.125,1.0,0.8333,19.544657468795776,0.7395288944244385,11.622780799865723,6.8115386962890625,0.30434513092041016,0.0062863826751708984,9.775161743164062e-06,0.005780220031738281,128,30.653358697891235,55e5d48e4d1bdc8b07f350cb89476ad1,F010-slowSQL,2,7.874908208847046,10000,1155943,0.025054216384887695,86,20,72,83,0,0,0,3,0,11,32,0,0,0.00012636184692382812,275.1658420562744,6,11224,333.98430585861206,False,F010-slowSQL,F056-networkPolicyIsolation,0.0,Middleware&DB,K8s lifecycle,55e5d48e4d1bdc8b07f350cb89476ad1,b966e1cdfad1990aea191923bbcaae31,proposed_hybrid
t040,1.0,0.0,0.3663,0.5099,0.125,1.0,0.8333,18.1972599029541,0.686028003692627,8.921569347381592,8.317876815795898,0.20844054222106934,0.006032466888427734,1.0013580322265625e-05,0.005613088607788086,133,30.321929931640625,ed13cb14265f98d9eb3b89b664760adb,F010-slowSQL,2,6.868648052215576,10000,1084032,0.0237729549407959,140,20,132,103,24,4,6,3,4,13,14,0,0,0.00024390220642089844,240.43243932724,6,8229,296.45873856544495,False,F010-slowSQL,F022-fullGC,0.0,Middleware&DB,JVM runtime,ed13cb14265f98d9eb3b89b664760adb,ed13cb14265f98d9eb3b89b664760adb,proposed_hybrid
t041,1.0,0.0,0.4714,0.5414,0.25,1.0,0.8333,21.333019733428955,0.6795611381530762,11.564051389694214,8.82508897781372,0.19204473495483398,0.006060123443603516,9.298324584960938e-06,0.0045282840728759766,58,30.630269765853882,ed13cb14265f98d9eb3b89b664760adb,F010-slowSQL,2,10.970924854278564,10000,1284604,0.026303529739379883,116,20,120,89,22,2,0,3,4,36,25,1,0,0.0002593994140625,265.0959873199463,6,8702,328.81721591949463,False,F010-slowSQL,F034-cpuFullLoad,0.0,Middleware&DB,Resource&perf.,ed13cb14265f98d9eb3b89b664760adb,ed13cb14265f98d9eb3b89b664760adb,proposed_hybrid
t042,1.0,0.0,0.5236,0.5571,0.25,1.0,0.8333,18.066819190979004,0.6950926780700684,9.727637529373169,7.304322957992554,0.27392077445983887,0.005864143371582031,1.0251998901367188e-05,0.004515171051025391,59,31.322267293930054,ed13cb14265f98d9eb3b89b664760adb,F014-httpError5xx,2,7.128605365753174,10000,1082606,0.025082111358642578,116,20,120,89,22,2,0,3,2,30,26,0,0,0.0002944469451904297,226.78092646598816,6,9204,283.93152260780334,False,F014-httpError5xx,F006-trafficSurge,1.0,Application logic,Application logic,ed13cb14265f98d9eb3b89b664760adb,ed13cb14265f98d9eb3b89b664760adb,proposed_hybrid
t043,0.5,1.0,0.5211,0.6563,0.25,1.0,0.8333,25.587868452072144,0.7411596775054932,13.072034120559692,11.456066131591797,0.14206933975219727,0.09501767158508301,1.0013580322265625e-05,0.0053844451904296875,125,30.270504236221313,ed13cb14265f98d9eb3b89b664760adb,F014-httpError5xx,2,10.42439341545105,10000,1472388,0.024632930755615234,104,20,96,77,22,2,0,3,2,21,24,0,0,0.00024890899658203125,254.40982055664062,6,9559,321.5821599960327,False,F014-httpError5xx,F014-httpError5xx,1.0,Application logic,Application logic,ed13cb14265f98d9eb3b89b664760adb,469f8e313055adba13ca3f4e76c65505,proposed_hybrid
t044,0.25,0.0,0.4097,0.2229,0.0,0.0,0.8333,19.96783185005188,0.7040722370147705,8.837995767593384,10.07601547241211,0.27559804916381836,0.01246023178100586,7.152557373046875e-06,0.004909515380859375,127,30.66789960861206,7b50436b7fb9e828f0a8c32a69c53ab0,F001-nodeDown,2,2.564232349395752,5514,1187221,0.016162395477294922,140,20,126,131,0,0,6,3,0,16,16,0,0,0.00013136863708496094,272.6147334575653,6,10145,326.4538743495941,False,F014-httpError5xx,F007-memoryPressure,0.0,Application logic,JVM runtime,7b50436b7fb9e828f0a8c32a69c53ab0,ed13cb14265f98d9eb3b89b664760adb,proposed_hybrid
t045,1.0,1.0,0.5265,0.8579,0.1429,1.0,0.8333,21.053945541381836,0.7806880474090576,11.14799165725708,8.67509651184082,0.37847232818603516,0.0062372684478759766,1.6450881958007812e-05,0.004622936248779297,73,30.751102447509766,b96ac7e3e7bfb7a90fff90d51ba5ebf1,F014-httpError5xx,2,8.412214279174805,10000,1236084,0.03933000564575195,122,20,114,119,0,0,0,3,0,12,19,0,0,0.0001537799835205078,257.89986777305603,6,9951,318.8851623535156,False,F014-httpError5xx,F014-httpError5xx,1.0,Application logic,Application logic,b96ac7e3e7bfb7a90fff90d51ba5ebf1,b96ac7e3e7bfb7a90fff90d51ba5ebf1,proposed_hybrid
t046,0.5,1.0,0.2629,0.5789,0.1111,1.0,0.8333,21.676146507263184,0.7526068687438965,11.233672857284546,9.283543348312378,0.3260068893432617,0.006280183792114258,1.430511474609375e-05,0.005450248718261719,132,30.207727909088135,55e5d48e4d1bdc8b07f350cb89476ad1,F014-httpError5xx,2,7.583003997802734,10000,1283251,0.02888011932373047,124,59,72,122,0,0,0,2,0,19,18,0,0,0.0001513957977294922,284.7702760696411,6,11153,345.028217792511,False,F014-httpError5xx,F014-httpError5xx,1.0,Application logic,Application logic,55e5d48e4d1bdc8b07f350cb89476ad1,06e538f4a2950039a09fd3bba1d3b7b2,proposed_hybrid
t047,0.5,0.0,0.3492,0.3048,0.0769,1.0,0.8333,18.483143091201782,0.696434497833252,10.445749044418335,7.0821545124053955,0.18779921531677246,0.008619308471679688,8.821487426757812e-06,0.005474567413330078,118,31.024688243865967,469f8e313055adba13ca3f4e76c65505,F002-threadExhaustion,2,0.13915467262268066,5504,1096405,0.015686988830566406,139,20,132,130,0,0,6,3,0,19,13,0,0,0.00011777877807617188,297.6107885837555,6,11584,347.96426939964294,False,F002-threadExhaustion,F007-memoryPressure,1.0,JVM runtime,JVM runtime,469f8e313055adba13ca3f4e76c65505,ed13cb14265f98d9eb3b89b664760adb,proposed_hybrid
t048,0.0625,0.0,0.25,0.1,0.0769,1.0,0.8333,22.48300552368164,0.7210648059844971,12.282446146011353,9.280776262283325,0.052271366119384766,0.07564496994018555,2.574920654296875e-05,0.005270957946777344,131,30.53542995452881,ae41c357daeed41f49e51340e779af71,F014-httpError5xx,2,3.733607530593872,5367,1382420,0.016568660736083984,143,51,108,135,0,0,6,2,0,9,4,0,0,0.00014543533325195312,299.62636971473694,6,10771,357.15010714530945,False,F014-httpError5xx,F026-nodeCpuHigh,0.0,Application logic,Cloud resource,ae41c357daeed41f49e51340e779af71,b3b2ffabc65e72425b34ea6a0caa18da,proposed_hybrid
t049,0.5,0.0,0.5072,0.3522,0.1,1.0,0.8333,14.450098514556885,0.7179973125457764,5.951070308685303,7.476081371307373,0.21529197692871094,0.040701866149902344,1.0728836059570312e-05,0.005112886428833008,122,30.77329993247986,469f8e313055adba13ca3f4e76c65505,F002-threadExhaustion,2,8.472619771957397,10000,859879,0.025989532470703125,144,20,138,131,2,2,6,3,2,28,27,0,0,0.00012159347534179688,289.46961522102356,6,11489,343.6222834587097,False,F002-threadExhaustion,F004-trafficHotspot,0.0,JVM runtime,Application logic,469f8e313055adba13ca3f4e76c65505,ed13cb14265f98d9eb3b89b664760adb,proposed_hybrid
t050,0.25,0.0,0.5072,0.2522,0.0,0.0,0.8333,21.838171243667603,0.7167062759399414,10.573310375213623,10.286930084228516,0.18334746360778809,0.010930776596069336,1.1682510375976562e-05,0.006258964538574219,169,30.5825412273407,7b50436b7fb9e828f0a8c32a69c53ab0,F014-httpError5xx,2,2.934352397918701,10000,1285456,0.019022703170776367,120,20,108,116,1,0,0,3,0,17,18,0,0,0.00012421607971191406,223.44636297225952,6,8892,279.55133533477783,False,F011-codeDefect,F023-nullPointerException,1.0,Application logic,Application logic,7b50436b7fb9e828f0a8c32a69c53ab0,ed13cb14265f98d9eb3b89b664760adb,proposed_hybrid
t051,0.5,0.0,0.5218,0.3565,0.0833,1.0,0.8333,18.044735431671143,0.6813132762908936,7.333491086959839,9.64565658569336,0.31841373443603516,0.006972551345825195,1.1682510375976562e-05,0.006616115570068359,186,31.253376007080078,469f8e313055adba13ca3f4e76c65505,F010-slowSQL,2,14.365772485733032,10000,1053273,0.021094322204589844,110,20,96,83,15,3,6,3,4,30,17,1,0,0.00016927719116210938,236.79789423942566,6,9317,301.03260254859924,False,F010-slowSQL,F006-trafficSurge,0.0,Middleware&DB,Application logic,469f8e313055adba13ca3f4e76c65505,ed13cb14265f98d9eb3b89b664760adb,proposed_hybrid
t052,0.25,1.0,0.5273,0.5582,0.0,0.0,0.8333,21.073901414871216,0.6793897151947021,11.33577585220337,8.592334508895874,0.39870333671569824,0.006704807281494141,1.4543533325195312e-05,0.005494356155395508,116,31.10508966445923,7b50436b7fb9e828f0a8c32a69c53ab0,F014-httpError5xx,2,9.242465734481812,10000,1184931,0.025434255599975586,134,20,120,125,0,0,6,3,0,12,26,0,0,0.0001323223114013672,274.31453251838684,6,9918,336.4456901550293,False,F014-httpError5xx,F014-httpError5xx,1.0,Application logic,Application logic,7b50436b7fb9e828f0a8c32a69c53ab0,06e538f4a2950039a09fd3bba1d3b7b2,proposed_hybrid
t053,1.0,0.0,0.3425,0.5028,0.25,1.0,0.8333,15.890882730484009,0.6884520053863525,8.327066659927368,6.539778470993042,0.2746114730834961,0.007271289825439453,9.298324584960938e-06,0.004582643508911133,58,30.29686188697815,ed13cb14265f98d9eb3b89b664760adb,F010-slowSQL,2,12.25419282913208,10000,966174,0.02536177635192871,122,20,120,95,22,2,0,3,5,33,21,1,0,0.0003314018249511719,238.42934274673462,6,8072,297.4113893508911,False,F010-slowSQL,F034-cpuFullLoad,0.0,Middleware&DB,Resource&perf.,ed13cb14265f98d9eb3b89b664760adb,ed13cb14265f98d9eb3b89b664760adb,proposed_hybrid
t054,0.25,0.0,0.1888,0.1566,0.0,0.0,0.8333,21.815046548843384,0.688572883605957,11.63102102279663,9.102248668670654,0.32140159606933594,0.006186008453369141,1.1682510375976562e-05,0.0052907466888427734,134,30.985372066497803,7b50436b7fb9e828f0a8c32a69c53ab0,F014-httpError5xx,2,8.901323556900024,10000,1285329,0.02538299560546875,139,20,126,130,0,0,6,3,0,27,14,0,0,0.00013065338134765625,255.78128242492676,6,9967,318.27322721481323,False,F014-httpError5xx,F016-rateLimiting,1.0,Application logic,Application logic,7b50436b7fb9e828f0a8c32a69c53ab0,ed13cb14265f98d9eb3b89b664760adb,proposed_hybrid
t055,1.0,0.0,0.3575,0.5072,0.25,1.0,0.8333,17.771440505981445,0.6775782108306885,9.737407445907593,7.080785036087036,0.11340665817260742,0.10330486297607422,1.049041748046875e-05,0.0046367645263671875,56,30.4886634349823,ed13cb14265f98d9eb3b89b664760adb,F010-slowSQL,2,11.078403234481812,10000,1083807,0.02557992935180664,116,20,120,89,22,2,0,3,3,36,10,2,0,0.00023221969604492188,269.0076141357422,6,8826,328.96905732154846,False,F010-slowSQL,F002-threadExhaustion,0.0,Middleware&DB,JVM runtime,ed13cb14265f98d9eb3b89b664760adb,ed13cb14265f98d9eb3b89b664760adb,proposed_hybrid
t056,1.0,0.0,0.5224,0.5567,0.25,1.0,0.8333,17.23264741897583,0.686316967010498,9.662315607070923,6.703206539154053,0.11754798889160156,0.005886077880859375,1.0251998901367188e-05,0.005380868911743164,127,31.924436807632446,ed13cb14265f98d9eb3b89b664760adb,F011-codeDefect,2,10.030275106430054,10000,983994,0.019330978393554688,95,20,82,80,6,6,0,3,4,23,12,0,0,0.0001804828643798828,255.17243552207947,6,8293,314.97177839279175,False,F011-codeDefect,F016-rateLimiting,1.0,Application logic,Application logic,ed13cb14265f98d9eb3b89b664760adb,ed13cb14265f98d9eb3b89b664760adb,proposed_hybrid
t057,0.5,0.0,0.3451,0.3035,0.0769,1.0,0.8333,15.283088207244873,0.6995058059692383,8.799333095550537,5.547230958938599,0.17664289474487305,0.008443593978881836,7.3909759521484375e-06,0.0050792694091796875,118,31.02324390411377,469f8e313055adba13ca3f4e76c65505,F001-nodeDown,2,0.1439495086669922,5504,896423,0.015627622604370117,139,20,132,130,0,0,6,3,0,19,12,0,0,0.00015306472778320312,301.5158166885376,6,11628,348.5356936454773,False,F014-httpError5xx,F007-memoryPressure,0.0,Application logic,JVM runtime,469f8e313055adba13ca3f4e76c65505,ed13cb14265f98d9eb3b89b664760adb,proposed_hybrid
t058,1.0,0.0,0.5242,0.5573,0.25,1.0,0.8333,18.538180351257324,0.676048755645752,8.877140998840332,8.757161140441895,0.11826634407043457,0.050159454345703125,2.3603439331054688e-05,0.004279375076293945,56,30.880098581314087,ed13cb14265f98d9eb3b89b664760adb,F014-httpError5xx,2,12.62780213356018,10000,1083642,0.02699732780456543,116,20,114,99,12,2,0,3,2,14,45,0,0,0.00025534629821777344,217.89423656463623,6,8749,280.5750789642334,False,F011-codeDefect,F014-httpError5xx,1.0,Application logic,Application logic,ed13cb14265f98d9eb3b89b664760adb,ed13cb14265f98d9eb3b89b664760adb,proposed_hybrid
t059,1.0,0.0,0.2857,0.4857,0.25,1.0,0.8333,17.17912745475769,0.6819181442260742,8.899779081344604,7.303473234176636,0.22921204566955566,0.006572246551513672,1.0967254638671875e-05,0.004475593566894531,55,30.131370067596436,ed13cb14265f98d9eb3b89b664760adb,F010-slowSQL,2,9.722024917602539,10000,993573,0.025756120681762695,128,20,120,101,22,2,0,3,2,36,13,2,0,0.00021386146545410156,242.22035264968872,6,9202,299.86085844039917,False,F010-slowSQL,F022-fullGC,0.0,Middleware&DB,JVM runtime,ed13cb14265f98d9eb3b89b664760adb,ed13cb14265f98d9eb3b89b664760adb,proposed_hybrid
t060,0.0625,0.0,0.3333,0.125,0.0,0.0,0.8333,12.80183744430542,0.6887195110321045,7.42461633682251,4.525980234146118,0.11002206802368164,0.0069086551666259766,1.0728836059570312e-05,0.005033731460571289,118,30.565332412719727,ae41c357daeed41f49e51340e779af71,F014-httpError5xx,2,5.5256359577178955,5367,745987,0.01635122299194336,148,47,114,140,0,0,6,2,0,4,19,0,0,0.0001366138458251953,286.2226390838623,6,10754,335.5624363422394,False,F014-httpError5xx,F026-nodeCpuHigh,0.0,Application logic,Cloud resource,ae41c357daeed41f49e51340e779af71,e9ff88d0d4435e77b15e4cc955e04836,proposed_hybrid
t061,0.5,0.0,0.4212,0.3264,0.0769,1.0,0.8333,20.59358286857605,0.6980352401733398,10.68442177772522,8.916435956954956,0.2158198356628418,0.014470815658569336,7.62939453125e-06,0.005357265472412109,118,30.695168256759644,469f8e313055adba13ca3f4e76c65505,F001-nodeDown,2,0.12321138381958008,5504,1166567,0.014567852020263672,139,20,132,130,0,0,6,3,0,17,13,1,0,0.00013518333435058594,278.9111695289612,6,11052,331.0116901397705,False,F002-threadExhaustion,F007-memoryPressure,1.0,JVM runtime,JVM runtime,469f8e313055adba13ca3f4e76c65505,ed13cb14265f98d9eb3b89b664760adb,proposed_hybrid
t062,0.0,0.0,0.5119,0.1536,0.0,0.0,0.8333,24.51848340034485,0.7748823165893555,11.980150938034058,11.362249374389648,0.31555747985839844,0.007147073745727539,1.0967254638671875e-05,0.001758575439453125,237,27.89724564552307,121db50848071469c0d279b04b16ec4e,F002-threadExhaustion,0,10.175743818283081,10000,1506149,0.02792215347290039,91,20,71,75,4,7,5,0,2,62,9,2,0,0.0001316070556640625,262.8339970111847,6,8002,326.272825717926,False,F002-threadExhaustion,F005-messageQueueBacklog,0.0,JVM runtime,Middleware&DB,121db50848071469c0d279b04b16ec4e,938b93c483d62fc359229634908f9b2c,proposed_hybrid
t063,1.0,0.0,0.3567,0.507,0.25,1.0,0.8333,20.297317028045654,0.7041850090026855,11.292318344116211,8.080783605575562,0.1483592987060547,0.006142616271972656,1.1444091796875e-05,0.005806684494018555,123,30.62684178352356,ed13cb14265f98d9eb3b89b664760adb,F020-loadBalancerFailure,2,9.35886287689209,10000,1186229,0.021801233291625977,108,20,96,73,8,6,18,3,5,24,54,2,0,0.00019073486328125,259.09624576568604,6,8501,320.1146216392517,False,F020-loadBalancerFailure,F007-memoryPressure,0.0,Application logic,JVM runtime,ed13cb14265f98d9eb3b89b664760adb,ed13cb14265f98d9eb3b89b664760adb,proposed_hybrid
t064,0.25,0.0,0.469,0.2407,0.0,0.0,0.8333,21.085602283477783,0.7062005996704102,11.456982135772705,8.605998992919922,0.24161958694458008,0.007490873336791992,7.62939453125e-06,0.005684614181518555,168,31.09148073196411,7b50436b7fb9e828f0a8c32a69c53ab0,F004-trafficHotspot,2,3.2867143154144287,5577,1283334,0.019686460494995117,140,20,126,131,0,0,6,3,0,14,20,0,0,0.00017309188842773438,294.61397099494934,6,11729,350.8011860847473,False,F014-httpError5xx,F034-cpuFullLoad,0.0,Application logic,Resource&perf.,7b50436b7fb9e828f0a8c32a69c53ab0,ed13cb14265f98d9eb3b89b664760adb,proposed_hybrid
t065,0.25,0.0,0.2466,0.174,0.0,0.0,0.8333,12.79778504371643,0.6483185291290283,6.817636013031006,5.150806665420532,0.10679173469543457,0.024076223373413086,1.0728836059570312e-05,0.006535053253173828,204,31.25225257873535,7b50436b7fb9e828f0a8c32a69c53ab0,F014-httpError5xx,2,9.287941217422485,10000,753646,0.024509906768798828,116,20,102,83,22,2,6,3,1,27,28,0,1,0.00017952919006347656,240.59362292289734,6,9248,294.40061473846436,False,F014-httpError5xx,F036-replicaScaleDown,0.0,Application logic,K8s lifecycle,7b50436b7fb9e828f0a8c32a69c53ab0,b966e1cdfad1990aea191923bbcaae31,proposed_hybrid
t066,0.5,0.0,0.5117,0.3535,0.125,1.0,0.8333,14.913310050964355,0.7452225685119629,9.288119077682495,4.671304225921631,0.11518430709838867,0.0403599739074707,1.049041748046875e-05,0.006153106689453125,193,31.761725664138794,55e5d48e4d1bdc8b07f350cb89476ad1,F014-httpError5xx,2,9.757073163986206,10000,905046,0.0260162353515625,124,58,72,79,40,2,0,3,6,17,54,0,0,0.0003764629364013672,258.8432013988495,6,8639,315.8615298271179,False,F014-httpError5xx,F057-dnsResolutionFailure,0.0,Application logic,K8s lifecycle,55e5d48e4d1bdc8b07f350cb89476ad1,b966e1cdfad1990aea191923bbcaae31,proposed_hybrid
t067,0.25,0.0,0.4603,0.2381,0.0,0.0,0.8333,21.231931686401367,0.7081458568572998,10.051643371582031,10.142894744873047,0.2545640468597412,0.008254289627075195,7.3909759521484375e-06,0.005697727203369141,167,31.9072585105896,7b50436b7fb9e828f0a8c32a69c53ab0,F004-trafficHotspot,2,0.2778024673461914,5579,1183973,0.019384384155273438,140,20,126,131,0,0,6,3,0,14,18,0,0,0.00011897087097167969,300.2525444030762,6,11402,354.3044800758362,False,F004-trafficHotspot,F034-cpuFullLoad,0.0,Application logic,Resource&perf.,7b50436b7fb9e828f0a8c32a69c53ab0,ed13cb14265f98d9eb3b89b664760adb,proposed_hybrid
t068,0.5,0.0,0.2927,0.2878,0.1429,1.0,0.8333,19.923918962478638,0.6975204944610596,10.389615297317505,8.52748155593872,0.23862147331237793,0.0062487125396728516,9.5367431640625e-06,0.0061397552490234375,162,30.44356679916382,469f8e313055adba13ca3f4e76c65505,F010-slowSQL,2,9.439574003219604,10000,1176415,0.021111249923706055,83,20,72,74,0,0,6,3,0,32,48,2,0,0.00012493133544921875,285.6136038303375,6,11409,346.1255769729614,False,F010-slowSQL,F007-memoryPressure,0.0,Middleware&DB,JVM runtime,469f8e313055adba13ca3f4e76c65505,ed13cb14265f98d9eb3b89b664760adb,proposed_hybrid
t069,0.0625,0.0,0.3571,0.1321,0.0833,1.0,0.8333,20.853907585144043,0.6991021633148193,9.78315258026123,10.089808464050293,0.20605063438415527,0.006405830383300781,1.1682510375976562e-05,0.0056116580963134766,159,30.498379468917847,ae41c357daeed41f49e51340e779af71,F014-httpError5xx,2,4.363833427429199,5355,1226081,0.01958608627319336,140,47,108,132,0,0,6,2,0,17,4,0,0,0.0001347064971923828,267.89910554885864,6,10547,324.2915983200073,False,F014-httpError5xx,F026-nodeCpuHigh,0.0,Application logic,Cloud resource,ae41c357daeed41f49e51340e779af71,e9ff88d0d4435e77b15e4cc955e04836,proposed_hybrid
t070,0.5,0.0,0.4656,0.3397,0.125,1.0,0.8333,18.06470775604248,0.6495029926300049,10.460499048233032,6.779741048812866,0.10640501976013184,0.008042335510253906,1.1205673217773438e-05,0.005945444107055664,200,30.317418098449707,7b50436b7fb9e828f0a8c32a69c53ab0,F010-slowSQL,2,10.450112342834473,10000,1004293,0.023318052291870117,116,20,102,109,2,2,0,3,0,33,2,0,0,0.00018405914306640625,259.40249490737915,6,9199,318.87588906288147,False,F010-slowSQL,F014-httpError5xx,0.0,Middleware&DB,Application logic,7b50436b7fb9e828f0a8c32a69c53ab0,469f8e313055adba13ca3f4e76c65505,proposed_hybrid
t071,0.25,0.0,0.4603,0.2381,0.0,0.0,0.8333,18.5645010471344,0.6943814754486084,7.724835157394409,9.810978889465332,0.2634902000427246,0.00745081901550293,7.62939453125e-06,0.006148576736450195,167,31.134140491485596,7b50436b7fb9e828f0a8c32a69c53ab0,F004-trafficHotspot,2,0.14294791221618652,5577,1116640,0.020415306091308594,140,20,126,131,0,0,6,3,0,13,20,0,0,0.00011992454528808594,303.97018218040466,6,11359,354.4015049934387,False,F004-trafficHotspot,F034-cpuFullLoad,0.0,Application logic,Resource&perf.,7b50436b7fb9e828f0a8c32a69c53ab0,ed13cb14265f98d9eb3b89b664760adb,proposed_hybrid
t072,1.0,0.0,0.3146,0.4944,0.2,1.0,0.8333,17.18294095993042,0.6893754005432129,11.718476057052612,4.5237836837768555,0.1861734390258789,0.00899052619934082,7.3909759521484375e-06,0.004937171936035156,81,30.164306640625,ed13cb14265f98d9eb3b89b664760adb,F001-nodeDown,2,0.286578893661499,5494,995090,0.015345096588134766,122,20,114,101,0,0,18,3,0,17,14,0,0,0.00011801719665527344,274.35448145866394,6,10767,322.6566562652588,False,F001-nodeDown,F007-memoryPressure,0.0,Cloud resource,JVM runtime,ed13cb14265f98d9eb3b89b664760adb,ed13cb14265f98d9eb3b89b664760adb,proposed_hybrid
t073,0.0312,0.0,0.2677,0.0928,0.0,0.0,0.8333,13.898092031478882,1.3534183502197266,5.700757265090942,6.617503881454468,0.130950927734375,0.045435190200805664,1.0013580322265625e-05,0.004860401153564453,83,30.96827483177185,ed13cb14265f98d9eb3b89b664760adb,F014-httpError5xx,2,5.0544867515563965,5454,792233,0.01768660545349121,104,20,96,101,0,0,0,3,0,16,20,1,0,0.00011706352233886719,291.8453302383423,6,11650,342.18727684020996,False,F014-httpError5xx,F001-nodeDown,0.0,Application logic,Cloud resource,ed13cb14265f98d9eb3b89b664760adb,7ebab0534e460fa3d6eefe3118cb1294,proposed_hybrid
t074,0.25,0.0,0.3195,0.1959,0.125,1.0,0.8333,20.217350244522095,0.7300913333892822,12.22200322151184,6.8570637702941895,0.33411288261413574,0.0070073604583740234,1.2874603271484375e-05,0.005946636199951172,163,30.930041551589966,55e5d48e4d1bdc8b07f350cb89476ad1,F014-httpError5xx,2,10.467045545578003,10000,1182557,0.02778458595275879,119,54,72,116,0,0,0,3,0,13,18,0,1,0.00014257431030273438,279.7242841720581,6,10967,342.0917899608612,False,F014-httpError5xx,F050-podCrashLoop,0.0,Application logic,K8s lifecycle,55e5d48e4d1bdc8b07f350cb89476ad1,b4cd6212edc76fabc59018b902550aee,proposed_hybrid
t075,1.0,1.0,0.5103,0.8531,0.25,1.0,0.8333,16.19449019432068,0.6950068473815918,10.030785322189331,5.285035848617554,0.10894131660461426,0.006115436553955078,1.0013580322265625e-05,0.007990837097167969,61,30.364928483963013,ed13cb14265f98d9eb3b89b664760adb,F014-httpError5xx,2,12.165639400482178,10000,954242,0.4329710006713867,116,20,120,110,3,0,0,3,1,21,14,0,0,0.00017309188842773438,256.21815037727356,6,8246,315.9860427379608,False,F020-loadBalancerFailure,F020-loadBalancerFailure,1.0,Application logic,Application logic,ed13cb14265f98d9eb3b89b664760adb,ed13cb14265f98d9eb3b89b664760adb,proposed_hybrid
t076,0.25,0.0,0.2134,0.164,0.1111,1.0,0.8333,18.904781341552734,1.5160925388336182,8.594229459762573,8.466251611709595,0.2581338882446289,0.008617162704467773,1.3589859008789062e-05,0.0058443546295166016,129,30.641720294952393,55e5d48e4d1bdc8b07f350cb89476ad1,F014-httpError5xx,2,10.414961576461792,10000,1083324,0.027556419372558594,123,59,72,120,0,0,0,3,0,11,23,0,0,0.0001392364501953125,269.0978603363037,6,10727,329.70348072052,False,F014-httpError5xx,F036-replicaScaleDown,0.0,Application logic,K8s lifecycle,55e5d48e4d1bdc8b07f350cb89476ad1,53ba95864da43d9f76c51d6688ef55fd,proposed_hybrid
t077,0.25,0.0,0.5128,0.2538,0.0,0.0,0.8333,21.715962886810303,0.6846699714660645,10.690736770629883,10.122060060501099,0.1377582550048828,0.006628751754760742,1.0251998901367188e-05,0.0066487789154052734,207,30.975204467773438,7b50436b7fb9e828f0a8c32a69c53ab0,F014-httpError5xx,2,12.933212757110596,10000,1285116,0.023863554000854492,121,20,108,118,0,0,0,3,0,13,14,0,0,0.0001533031463623047,263.67597341537476,6,9779,330.10629963874817,False,F014-httpError5xx,F016-rateLimiting,1.0,Application logic,Application logic,7b50436b7fb9e828f0a8c32a69c53ab0,ed13cb14265f98d9eb3b89b664760adb,proposed_hybrid
t078,0.125,0.0,0.427,0.1781,0.0,0.0,0.8333,15.652912378311157,0.6546478271484375,5.912549018859863,8.859324932098389,0.16216039657592773,0.006850242614746094,1.1205673217773438e-05,0.005901813507080078,193,31.52641749382019,7b50436b7fb9e828f0a8c32a69c53ab0,F014-httpError5xx,2,10.436550855636597,10000,914224,0.0194549560546875,116,20,102,89,22,2,0,3,0,17,27,0,0,0.0002307891845703125,199.38960576057434,6,7421,257.4609041213989,False,F014-httpError5xx,F036-replicaScaleDown,0.0,Application logic,K8s lifecycle,7b50436b7fb9e828f0a8c32a69c53ab0,53ba95864da43d9f76c51d6688ef55fd,proposed_hybrid
t079,0.125,0.0,0.4292,0.1788,0.0,0.0,0.8333,15.582789659500122,0.6748607158660889,10.017868280410767,4.653148651123047,0.17333126068115234,0.0063741207122802734,2.6464462280273438e-05,0.004656314849853516,67,30.617434978485107,ed13cb14265f98d9eb3b89b664760adb,F020-loadBalancerFailure,2,10.938440799713135,10000,923538,0.022921085357666016,116,20,108,89,22,2,0,3,2,49,5,0,0,0.0002186298370361328,238.94496870040894,6,9333,296.69104075431824,False,F022-fullGC,F009-cacheBreakdown,0.0,JVM runtime,Middleware&DB,ed13cb14265f98d9eb3b89b664760adb,70af2dee3d886988a1f1baefbf5fc400,proposed_hybrid
t080,0.0312,0.0,0.3088,0.1051,0.125,1.0,0.8333,13.931379556655884,0.7342991828918457,3.6631100177764893,9.298433303833008,0.1672382354736328,0.0066106319427490234,1.6689300537109375e-05,0.006940603256225586,131,30.436957359313965,ed13cb14265f98d9eb3b89b664760adb,F014-httpError5xx,2,10.20023226737976,10000,888667,0.027400970458984375,134,20,126,107,22,2,0,3,2,12,6,0,0,0.00022482872009277344,249.95292448997498,6,9744,304.94546914100647,False,F014-httpError5xx,F026-nodeCpuHigh,0.0,Application logic,Cloud resource,ed13cb14265f98d9eb3b89b664760adb,e9ff88d0d4435e77b15e4cc955e04836,proposed_hybrid
t081,0.25,0.0,0.328,0.1984,0.0909,1.0,0.8333,19.05550265312195,1.5299599170684814,8.846347570419312,8.466037034988403,0.1121511459350586,0.03756856918334961,1.2874603271484375e-05,0.005314826965332031,124,30.930155277252197,55e5d48e4d1bdc8b07f350cb89476ad1,F014-httpError5xx,2,11.206822633743286,10000,1079865,0.028040409088134766,117,48,84,114,0,0,0,3,0,33,13,0,0,0.00011968612670898438,260.76749444007874,6,9866,322.635751247406,False,F014-httpError5xx,F036-replicaScaleDown,0.0,Application logic,K8s lifecycle,55e5d48e4d1bdc8b07f350cb89476ad1,53ba95864da43d9f76c51d6688ef55fd,proposed_hybrid
t082,0.0625,0.0,0.3571,0.1321,0.0769,1.0,0.8333,19.225420475006104,0.6812553405761719,11.396231651306152,6.936151742935181,0.1435997486114502,0.0060520172119140625,1.1205673217773438e-05,0.005048990249633789,127,30.551576375961304,ae41c357daeed41f49e51340e779af71,F014-httpError5xx,2,4.248066663742065,5371,1064391,0.016953468322753906,145,44,114,136,0,0,6,3,0,9,3,0,0,0.00012230873107910156,275.1253182888031,6,10430,329.8279678821564,False,F014-httpError5xx,F026-nodeCpuHigh,0.0,Application logic,Cloud resource,ae41c357daeed41f49e51340e779af71,e9ff88d0d4435e77b15e4cc955e04836,proposed_hybrid
t083,0.25,0.0,0.5076,0.2523,0.0,0.0,0.8333,20.35795283317566,0.7176268100738525,10.079882383346558,9.333702325820923,0.15363788604736328,0.006404876708984375,2.7179718017578125e-05,0.005090475082397461,124,30.951655864715576,7b50436b7fb9e828f0a8c32a69c53ab0,F014-httpError5xx,2,10.281952381134033,10000,1160752,0.020792245864868164,137,20,126,128,0,0,6,3,0,14,33,0,0,0.00013184547424316406,237.77158117294312,6,9225,300.04391741752625,False,F014-httpError5xx,F023-nullPointerException,1.0,Application logic,Application logic,7b50436b7fb9e828f0a8c32a69c53ab0,ed13cb14265f98d9eb3b89b664760adb,proposed_hybrid
t084,0.5,1.0,0.5206,0.6562,0.1,1.0,0.8333,10.978365421295166,0.7531819343566895,6.2878804206848145,3.573822498321533,0.3100736141204834,0.006005525588989258,9.059906005859375e-06,0.00811767578125,283,30.608432054519653,469f8e313055adba13ca3f4e76c65505,F010-slowSQL,2,12.141602039337158,10000,690552,0.04506373405456543,151,20,144,132,2,2,12,3,0,12,35,1,0,0.00013017654418945312,291.5007755756378,6,11339,345.72065138816833,False,F010-slowSQL,F010-slowSQL,1.0,Middleware&DB,Middleware&DB,469f8e313055adba13ca3f4e76c65505,ed13cb14265f98d9eb3b89b664760adb,proposed_hybrid
t085,0.25,0.0,0.5238,0.2571,0.0,0.0,0.8333,14.186883449554443,0.6761648654937744,6.825717926025391,6.4320032596588135,0.1852715015411377,0.012654304504394531,9.5367431640625e-06,0.005135536193847656,143,31.046292781829834,7b50436b7fb9e828f0a8c32a69c53ab0,F002-threadExhaustion,2,11.360095977783203,10000,828910,0.03569388389587402,139,20,126,130,0,0,6,3,0,19,23,0,0,0.0001239776611328125,297.55106258392334,6,11797,354.6289875507355,False,F002-threadExhaustion,F010-slowSQL,0.0,JVM runtime,Middleware&DB,7b50436b7fb9e828f0a8c32a69c53ab0,ed13cb14265f98d9eb3b89b664760adb,proposed_hybrid
t086,0.5,0.0,0.4119,0.3236,0.1,1.0,0.8333,16.204554796218872,1.5728647708892822,11.310297966003418,3.1118052005767822,0.14489221572875977,0.0063266754150390625,7.152557373046875e-06,0.005944013595581055,158,31.89836549758911,469f8e313055adba13ca3f4e76c65505,F002-threadExhaustion,2,0.13919353485107422,5572,936633,0.018939733505249023,140,20,132,131,0,0,6,3,0,17,18,0,0,0.0001227855682373047,300.8848352432251,6,11578,349.77829122543335,False,F002-threadExhaustion,F034-cpuFullLoad,0.0,JVM runtime,Resource&perf.,469f8e313055adba13ca3f4e76c65505,ed13cb14265f98d9eb3b89b664760adb,proposed_hybrid
t087,0.5,0.0,0.2627,0.2788,0.125,1.0,0.8333,18.13033390045166,0.7734267711639404,10.28263783454895,6.653167247772217,0.349459171295166,0.006532907485961914,3.5762786865234375e-05,0.006471157073974609,200,30.963576316833496,55e5d48e4d1bdc8b07f350cb89476ad1,F014-httpError5xx,2,11.218932390213013,10000,1075362,0.03601980209350586,124,58,72,79,40,2,0,3,6,29,42,0,0,0.00034236907958984375,270.62847423553467,6,8594,331.62917828559875,False,F014-httpError5xx,F052-podRestartFlapping,0.0,Application logic,K8s lifecycle,55e5d48e4d1bdc8b07f350cb89476ad1,b966e1cdfad1990aea191923bbcaae31,proposed_hybrid
t088,0.5,0.0,0.5206,0.3562,0.1,1.0,0.8333,18.022899389266968,0.7140700817108154,10.727941751480103,6.269659042358398,0.24070382118225098,0.0072307586669921875,1.1205673217773438e-05,0.004984617233276367,122,30.68927502632141,469f8e313055adba13ca3f4e76c65505,F010-slowSQL,2,7.334054231643677,10000,1037379,0.028105497360229492,144,20,138,131,2,2,6,3,0,27,27,0,0,0.00015163421630859375,298.1008994579315,6,11550,354.8407869338989,False,F010-slowSQL,F004-trafficHotspot,0.0,Middleware&DB,Application logic,469f8e313055adba13ca3f4e76c65505,ed13cb14265f98d9eb3b89b664760adb,proposed_hybrid
t089,1.0,0.0,0.5282,0.5585,0.25,1.0,0.8333,16.930169820785522,1.44675874710083,7.062209367752075,8.160638809204102,0.1213388442993164,0.07823991775512695,2.002716064453125e-05,0.004328012466430664,54,30.497724771499634,ed13cb14265f98d9eb3b89b664760adb,F011-codeDefect,2,11.136558771133423,10000,972137,0.024835824966430664,110,20,108,83,22,2,0,3,0,25,8,0,0,0.0002646446228027344,203.8172390460968,6,7332,262.903258562088,False,F011-codeDefect,F016-rateLimiting,1.0,Application logic,Application logic,ed13cb14265f98d9eb3b89b664760adb,ed13cb14265f98d9eb3b89b664760adb,proposed_hybrid
t090,0.0625,0.0,0.2564,0.1019,0.0769,1.0,0.8333,22.10803461074829,0.7428665161132812,13.638867378234863,7.4905476570129395,0.15645956993103027,0.00584864616394043,1.0967254638671875e-05,0.0052373409271240234,122,31.36472773551941,ae41c357daeed41f49e51340e779af71,F014-httpError5xx,2,5.355989456176758,5359,1301231,0.015819787979125977,145,46,114,137,0,0,6,2,0,3,8,0,0,0.00013065338134765625,282.0940845012665,6,10586,341.7340998649597,False,F014-httpError5xx,F026-nodeCpuHigh,0.0,Application logic,Cloud resource,ae41c357daeed41f49e51340e779af71,e9ff88d0d4435e77b15e4cc955e04836,proposed_hybrid
t091,0.5,0.0,0.5,0.35,0.0909,1.0,0.8333,16.836856365203857,0.7019884586334229,10.631277561187744,5.350500583648682,0.08661222457885742,0.005806922912597656,1.1205673217773438e-05,0.006224870681762695,160,30.84289026260376,ae41c357daeed41f49e51340e779af71,F014-httpError5xx,2,17.69520115852356,10000,976868,0.023472309112548828,117,47,84,103,0,6,6,2,0,25,49,0,0,0.00016736984252929688,227.33291625976562,6,8379,293.3599646091461,False,F014-httpError5xx,F006-trafficSurge,1.0,Application logic,Application logic,ae41c357daeed41f49e51340e779af71,7b50436b7fb9e828f0a8c32a69c53ab0,proposed_hybrid
t092,0.0156,0.0,0.3307,0.1054,0.0,0.0,0.8333,25.050375938415527,0.7245028018951416,12.682145357131958,11.389580726623535,0.16520237922668457,0.007553577423095703,1.0251998901367188e-05,0.0057506561279296875,171,31.582247018814087,7b50436b7fb9e828f0a8c32a69c53ab0,F002-threadExhaustion,2,4.79358983039856,5356,1412092,0.01711583137512207,139,20,126,130,0,0,6,3,0,22,4,0,0,0.00012040138244628906,261.3322846889496,6,9817,323.5690279006958,False,F002-threadExhaustion,F026-nodeCpuHigh,0.0,JVM runtime,Cloud resource,7b50436b7fb9e828f0a8c32a69c53ab0,f97f547e9f5113a60d60db8836b0def6,proposed_hybrid
t093,0.5,0.0,0.4659,0.3398,0.1,1.0,0.8333,16.832301378250122,0.7346322536468506,8.368696928024292,7.425845146179199,0.23378872871398926,0.006313323974609375,6.4373016357421875e-06,0.005707979202270508,158,30.683175086975098,469f8e313055adba13ca3f4e76c65505,F001-nodeDown,2,0.31776976585388184,5588,1007107,0.01925373077392578,139,20,132,130,0,0,6,3,0,16,18,0,0,0.00012159347534179688,305.3844668865204,6,11221,353.8283677101135,False,F010-slowSQL,F034-cpuFullLoad,0.0,Middleware&DB,Resource&perf.,469f8e313055adba13ca3f4e76c65505,ed13cb14265f98d9eb3b89b664760adb,proposed_hybrid
t094,1.0,0.0,0.3498,0.5049,0.2,1.0,0.8333,11.889635562896729,0.6736915111541748,6.411596298217773,4.580631732940674,0.15804433822631836,0.014830350875854492,8.106231689453125e-06,0.005286693572998047,83,30.914121866226196,ed13cb14265f98d9eb3b89b664760adb,F002-threadExhaustion,2,4.079268455505371,5480,746035,0.015619754791259766,122,20,114,101,0,0,18,3,0,19,11,0,0,0.00012183189392089844,294.4436824321747,6,11062,341.7626497745514,False,F002-threadExhaustion,F007-memoryPressure,1.0,JVM runtime,JVM runtime,ed13cb14265f98d9eb3b89b664760adb,ed13cb14265f98d9eb3b89b664760adb,proposed_hybrid
t095,0.5,0.0,0.3093,0.2928,0.125,1.0,0.8333,22.672391414642334,0.7619874477386475,11.435166835784912,10.298410177230835,0.08127546310424805,0.022421836853027344,1.0013580322265625e-05,0.006081342697143555,189,30.882100343704224,55e5d48e4d1bdc8b07f350cb89476ad1,F010-slowSQL,2,11.377689599990845,10000,1287135,0.021373510360717773,86,20,72,69,10,2,2,3,1,15,38,0,0,0.00020575523376464844,259.9568157196045,6,8571,325.65173387527466,False,F014-httpError5xx,F051-podPendingUnschedulable,0.0,Application logic,K8s lifecycle,55e5d48e4d1bdc8b07f350cb89476ad1,b966e1cdfad1990aea191923bbcaae31,proposed_hybrid
t096,1.0,0.0,0.3112,0.4934,0.25,1.0,0.8333,17.730951070785522,0.702833890914917,8.165935516357422,8.556543111801147,0.14157629013061523,0.0971827507019043,1.049041748046875e-05,0.004509449005126953,57,31.0144944190979,ed13cb14265f98d9eb3b89b664760adb,F010-slowSQL,2,16.594111919403076,10000,1136472,0.028043270111083984,122,20,120,95,22,2,0,3,5,30,22,0,0,0.0003192424774169922,279.07022285461426,6,8876,345.0514545440674,False,F010-slowSQL,F007-memoryPressure,0.0,Middleware&DB,JVM runtime,ed13cb14265f98d9eb3b89b664760adb,ed13cb14265f98d9eb3b89b664760adb,proposed_hybrid
t097,0.25,0.0,0.5161,0.2548,0.125,1.0,0.8333,21.712595224380493,0.6916954517364502,12.032012939453125,8.7444007396698,0.16425323486328125,0.006583213806152344,1.1682510375976562e-05,0.005969524383544922,180,31.453365564346313,ae41c357daeed41f49e51340e779af71,F020-loadBalancerFailure,2,12.111391544342041,10000,1285093,0.022578954696655273,112,46,72,66,26,6,11,3,2,17,12,0,0,0.00026226043701171875,237.27048468589783,6,8745,303.28918170928955,False,F020-loadBalancerFailure,F010-slowSQL,0.0,Application logic,Middleware&DB,ae41c357daeed41f49e51340e779af71,ed13cb14265f98d9eb3b89b664760adb,proposed_hybrid
t098,0.25,0.0,0.5119,0.2536,0.0,0.0,0.8333,22.46831703186035,0.721684455871582,11.594141006469727,9.916779041290283,0.15546464920043945,0.007080078125,9.5367431640625e-06,0.004843235015869141,109,31.38468909263611,7b50436b7fb9e828f0a8c32a69c53ab0,F014-httpError5xx,2,14.92684292793274,10000,1285042,0.020815372467041016,138,20,126,129,0,0,6,3,0,26,11,0,0,0.00012612342834472656,246.9395248889923,6,9571,316.4806981086731,False,F014-httpError5xx,F011-codeDefect,1.0,Application logic,Application logic,7b50436b7fb9e828f0a8c32a69c53ab0,ed13cb14265f98d9eb3b89b664760adb,proposed_hybrid
t099,0.25,1.0,0.5245,0.5574,0.0,0.0,0.8333,21.546119689941406,0.731320858001709,11.837579488754272,8.694745063781738,0.20097899436950684,0.006545066833496094,1.049041748046875e-05,0.004922151565551758,125,31.102835178375244,7b50436b7fb9e828f0a8c32a69c53ab0,F014-httpError5xx,2,11.811760902404785,10000,1284295,0.02889108657836914,139,20,126,130,0,0,6,3,0,35,13,0,0,0.00013136863708496094,258.60162115097046,6,9776,323.82579708099365,False,F014-httpError5xx,F014-httpError5xx,1.0,Application logic,Application logic,7b50436b7fb9e828f0a8c32a69c53ab0,ed13cb14265f98d9eb3b89b664760adb,proposed_hybrid
t100,0.125,0.0,0.3497,0.1549,0.0,0.0,0.8333,19.355939626693726,0.6436491012573242,9.507708072662354,8.985786199569702,0.1434173583984375,0.007909059524536133,2.3126602172851562e-05,0.005783557891845703,196,31.668886423110962,7b50436b7fb9e828f0a8c32a69c53ab0,F014-httpError5xx,2,11.13197946548462,10000,1141525,0.0188443660736084,116,20,102,89,22,2,0,3,1,9,35,0,0,0.00019788742065429688,252.8944320678711,6,9510,315.71898674964905,False,F014-httpError5xx,F036-replicaScaleDown,0.0,Application logic,K8s lifecycle,7b50436b7fb9e828f0a8c32a69c53ab0,53ba95864da43d9f76c51d6688ef55fd,proposed_hybrid
t101,1.0,0.0,0.5329,0.5599,0.25,1.0,0.8333,17.197786569595337,0.694908857345581,8.38485074043274,7.803723573684692,0.20195627212524414,0.051650047302246094,1.0728836059570312e-05,0.0045413970947265625,59,31.303760290145874,ed13cb14265f98d9eb3b89b664760adb,F014-httpError5xx,2,7.3971147537231445,10000,951589,0.022603273391723633,122,20,120,95,22,2,0,3,0,26,29,1,0,0.00023174285888671875,248.457839012146,6,9622,304.8938431739807,False,F014-httpError5xx,F004-trafficHotspot,1.0,Application logic,Application logic,ed13cb14265f98d9eb3b89b664760adb,ed13cb14265f98d9eb3b89b664760adb,proposed_hybrid
t102,0.5,0.0,0.3202,0.2961,0.1429,1.0,0.8333,22.439754247665405,0.7100574970245361,11.455450057983398,9.958509922027588,0.23535799980163574,0.007378339767456055,9.298324584960938e-06,0.0058879852294921875,162,31.116599798202515,469f8e313055adba13ca3f4e76c65505,F010-slowSQL,2,4.567901372909546,10000,1287767,0.027677536010742188,84,20,72,75,0,0,6,3,0,33,48,2,0,0.00011157989501953125,273.72608709335327,6,10879,332.632381439209,False,F010-slowSQL,F007-memoryPressure,0.0,Middleware&DB,JVM runtime,469f8e313055adba13ca3f4e76c65505,ed13cb14265f98d9eb3b89b664760adb,proposed_hybrid
t103,0.5,0.0,0.5167,0.355,0.25,1.0,0.8333,14.906068086624146,0.6857681274414062,9.008846759796143,4.895669460296631,0.24599719047546387,0.005949258804321289,9.775161743164062e-06,0.0051021575927734375,99,30.63416624069214,ed13cb14265f98d9eb3b89b664760adb,F014-httpError5xx,2,13.417723894119263,10000,965439,0.029927968978881836,103,20,96,100,0,0,0,3,0,16,22,0,0,0.0001232624053955078,276.3333942890167,6,10615,335.9274718761444,False,F014-httpError5xx,F029-redisUnavailable,0.0,Application logic,Middleware&DB,ed13cb14265f98d9eb3b89b664760adb,469f8e313055adba13ca3f4e76c65505,proposed_hybrid