case_id,entity_localization,fault_identification,reasoning_process,final_score,retrieval_precision,retrieval_recall,explainability,load_time_s,load_metrics_s,load_logs_s,load_traces_s,load_events_s,load_alerts_s,alert_parse_time_s,graph_retrieval_time_s,candidate_subgraph_size,graph_anchor_time_s,graph_anchor_entity_ids,graph_anchor_fault_type,propagation_path_hops,propagation_path,truncated_modalities,vector_index_build_time_s,indexed_observations,observations_before_graph_filter,vector_index_was_capped,hybrid_retrieval_time_s,evidence_items_retrieved,evidence_items_from_vector,evidence_items_from_graph_direct,evidence_count_metrics,evidence_count_logs,evidence_count_traces,evidence_count_events,evidence_count_alerts,log_error_pattern_count,trend_increase_count,trend_decrease_count,trend_new_nonzero_count,trend_dropped_zero_count,summarization_time_s,keyword_fault_candidates,classifier_predicted_group,classifier_confidence,classifier_predicted_type,classifier_type_confidence,multi_agent_time_s,total_calls,total_tokens,total_pipeline_time_s,used_entity_fallback,predicted_fault_type,gt_fault_type,fault_group_identification,predicted_fault_group,gt_fault_group,predicted_entity_ids,gt_target_entity_ids,system,llm_backend,llm_model
t001,0.5,1.0,0.529,0.6587,0.0909,1.0,0.8333,23.597344636917114,0.8381519317626953,13.139081239700317,9.223282814025879,0.33393073081970215,0.0073926448822021484,1.71661376953125e-05,0.019131183624267578,125,28.406517267227173,55e5d48e4d1bdc8b07f350cb89476ad1,F014-httpError5xx,2,checkout::/oteldemo.CheckoutService/PlaceOrder (apm.operation) -> checkout (apm.service),metrics|logs|traces,12.560059070587158,10000,1202614,True,0.07444643974304199,138,54,96,109,16,4,6,3,12,11,20,0,0,0.0003731250762939453,,,,,,208.44017243385315,6,8292,273.84234642982483,False,F014-httpError5xx,F014-httpError5xx,1.0,Application logic,Application logic,55e5d48e4d1bdc8b07f350cb89476ad1,06e538f4a2950039a09fd3bba1d3b7b2,proposed_hybrid,kaggle,google/gemma-4/transformers/gemma-4-12b-it
t002,1.0,0.0,0.2719,0.4816,0.0909,1.0,0.8333,25.933682680130005,0.7544851303100586,13.582823753356934,11.215590953826904,0.30855226516723633,0.006952047348022461,1.5735626220703125e-05,0.0053937435150146484,123,27.722782135009766,469f8e313055adba13ca3f4e76c65505,F010-slowSQL,2,cart::POST /oteldemo.CartService/GetCart (apm.operation) -> cart (apm.service),metrics|logs|traces,10.384277820587158,10000,1386465,True,0.03954148292541504,152,20,144,127,2,2,18,3,2,29,16,0,0,0.0001442432403564453,,,,,,258.5807042121887,6,10608,323.4284555912018,False,F010-slowSQL,F029-redisUnavailable,1.0,Middleware&DB,Middleware&DB,469f8e313055adba13ca3f4e76c65505,469f8e313055adba13ca3f4e76c65505,proposed_hybrid,kaggle,google/gemma-4/transformers/gemma-4-12b-it
t003,0.0156,0.0,0.326,0.104,0.0,0.0,0.8333,21.91127896308899,1.4787466526031494,13.580087423324585,6.628273248672485,0.16015100479125977,0.006394386291503906,1.0967254638671875e-05,0.005479335784912109,138,27.981796979904175,7b50436b7fb9e828f0a8c32a69c53ab0,F010-slowSQL,2,frontend::GET /api/data (apm.operation) -> frontend (apm.service),metrics|logs|traces,3.115161180496216,10000,1092875,True,0.03949785232543945,143,20,129,125,0,0,15,3,0,6,3,0,0,0.00013875961303710938,,,,,,289.62751841545105,6,11596,343.37081146240234,False,F010-slowSQL,F031-nodeMemoryOOM,0.0,Middleware&DB,Cloud resource,7b50436b7fb9e828f0a8c32a69c53ab0,54822d2959721bfc645f24ac2f5a3217,proposed_hybrid,kaggle,google/gemma-4/transformers/gemma-4-12b-it
t004,0.5,0.0,0.3565,0.307,0.1,1.0,0.8333,19.295482635498047,0.7418031692504883,10.16707468032837,8.025349617004395,0.30483269691467285,0.006400585174560547,1.1205673217773438e-05,0.005576133728027344,122,28.042465686798096,469f8e313055adba13ca3f4e76c65505,F010-slowSQL,2,cart::POST /oteldemo.CartService/AddItem (apm.operation) -> cart (apm.service),metrics|logs|traces,6.345957040786743,10000,1007859,True,0.0382993221282959,145,20,138,128,4,4,6,3,2,32,29,0,0,0.00014829635620117188,httpError5xx,,,,,272.58990955352783,6,11300,326.903199672699,False,F014-httpError5xx,F006-trafficSurge,1.0,Application logic,Application logic,469f8e313055adba13ca3f4e76c65505,ed13cb14265f98d9eb3b89b664760adb,proposed_hybrid,kaggle,google/gemma-4/transformers/gemma-4-12b-it
t005,0.0625,0.0,0.3958,0.1437,0.1111,1.0,0.8333,20.530067920684814,0.8013560771942139,7.308745861053467,12.200984716415405,0.11954665184020996,0.044027090072631836,2.4318695068359375e-05,0.006348848342895508,183,28.63441252708435,7b50436b7fb9e828f0a8c32a69c53ab0,F002-threadExhaustion,2,frontend (apm.operation) -> frontend (apm.service),metrics|logs|traces,5.708683252334595,10000,1132254,True,0.029555559158325195,134,20,120,124,1,0,6,3,0,12,11,1,0,0.0001220703125,,,,,,295.4461133480072,6,11465,350.86321806907654,False,F002-threadExhaustion,F026-nodeCpuHigh,0.0,JVM runtime,Cloud resource,7b50436b7fb9e828f0a8c32a69c53ab0,e9ff88d0d4435e77b15e4cc955e04836,proposed_hybrid,kaggle,google/gemma-4/transformers/gemma-4-12b-it
t006,0.25,0.0,0.3088,0.1926,0.0,0.0,0.8333,20.150142192840576,1.3796684741973877,8.571570634841919,9.850539684295654,0.2893218994140625,0.0068056583404541016,9.298324584960938e-06,0.0061511993408203125,173,30.06676197052002,7b50436b7fb9e828f0a8c32a69c53ab0,F014-httpError5xx,2,frontend::POST (apm.operation) -> frontend (apm.service),metrics|logs|traces,8.285786151885986,10000,1092038,True,0.035466670989990234,122,20,108,102,17,0,0,3,0,18,66,0,0,0.0001842975616455078,,,,,,236.93968653678894,6,9656,296.06073451042175,False,F011-codeDefect,F016-rateLimiting,1.0,Application logic,Application logic,7b50436b7fb9e828f0a8c32a69c53ab0,ed13cb14265f98d9eb3b89b664760adb,proposed_hybrid,kaggle,google/gemma-4/transformers/gemma-4-12b-it
t007,0.25,0.0,0.025,0.1075,0.0,0.0,0.8333,25.088013887405396,1.633089542388916,14.484562397003174,8.539690256118774,0.36185169219970703,0.006784200668334961,1.4543533325195312e-05,0.006082296371459961,125,30.011335372924805,7b50436b7fb9e828f0a8c32a69c53ab0,F014-httpError5xx,2,frontend::POST /api/cart (apm.operation) -> frontend (apm.service),metrics|logs|traces,6.744459867477417,10000,1167546,True,0.039258718490600586,130,20,118,121,0,0,6,3,0,11,20,0,0,0.0001735687255859375,,,,,,259.74401211738586,6,9716,322.40122389793396,False,F014-httpError5xx,F002-threadExhaustion,0.0,Application logic,JVM runtime,7b50436b7fb9e828f0a8c32a69c53ab0,ed13cb14265f98d9eb3b89b664760adb,proposed_hybrid,kaggle,google/gemma-4/transformers/gemma-4-12b-it
t008,0.0312,0.0,0.4,0.1325,0.0833,1.0,0.8333,25.99499535560608,0.8247895240783691,14.947737216949463,9.967903137207031,0.1828615665435791,0.007738351821899414,1.5735626220703125e-05,0.0062291622161865234,123,28.49206042289734,469f8e313055adba13ca3f4e76c65505,F002-threadExhaustion,2,cart::POST /oteldemo.CartService/AddItem (apm.operation) -> cart (apm.service),metrics,2.0919008255004883,10000,1184334,True,0.027060508728027344,136,20,132,127,0,0,6,3,0,16,3,1,0,0.000141143798828125,httpError5xx,,,,,295.5179491043091,6,11949,352.9414494037628,False,F002-threadExhaustion,F026-nodeCpuHigh,0.0,JVM runtime,Cloud resource,469f8e313055adba13ca3f4e76c65505,b3b2ffabc65e72425b34ea6a0caa18da,proposed_hybrid,kaggle,google/gemma-4/transformers/gemma-4-12b-it
t009,1.0,0.0,0.177,0.4531,0.25,1.0,0.8333,20.515074968338013,0.7775936126708984,10.956352233886719,8.473856925964355,0.24177813529968262,0.009416818618774414,1.2874603271484375e-05,0.006024599075317383,123,27.66723370552063,ed13cb14265f98d9eb3b89b664760adb,F010-slowSQL,2,inventory::/api/v1/inventory/batch-reconciliation (apm.operation) -> inventory (apm.service),metrics|logs|traces,8.06432318687439,10000,1085214,True,0.036409854888916016,116,20,108,67,24,4,18,3,3,34,48,1,0,0.0003006458282470703,,,,,,239.48371028900146,6,8161,296.44979763031006,False,F010-slowSQL,F007-memoryPressure,0.0,Middleware&DB,JVM runtime,ed13cb14265f98d9eb3b89b664760adb,ed13cb14265f98d9eb3b89b664760adb,proposed_hybrid,kaggle,google/gemma-4/transformers/gemma-4-12b-it
t010,0.5,0.0,0.0284,0.2085,0.0909,1.0,0.8333,23.52034020423889,0.8526954650878906,11.870583295822144,10.42599105834961,0.2992720603942871,0.011358499526977539,1.621246337890625e-05,0.00614476203918457,123,27.951624393463135,55e5d48e4d1bdc8b07f350cb89476ad1,F010-slowSQL,2,checkout::/oteldemo.CheckoutService/PlaceOrder (apm.operation) -> checkout (apm.service),metrics|logs|traces,15.033414602279663,10000,1103124,True,0.05762624740600586,101,20,90,76,14,2,6,3,6,43,19,0,0,0.00029158592224121094,,,,,,252.3614058494568,6,8445,319.6490559577942,False,F010-slowSQL,F029-redisUnavailable,1.0,Middleware&DB,Middleware&DB,55e5d48e4d1bdc8b07f350cb89476ad1,469f8e313055adba13ca3f4e76c65505,proposed_hybrid,kaggle,google/gemma-4/transformers/gemma-4-12b-it
t011,0.25,0.0,0.4128,0.2238,0.0,0.0,0.8333,20.937820196151733,0.8217959403991699,12.01202654838562,7.8603692054748535,0.16905498504638672,0.006772279739379883,1.2874603271484375e-05,0.03673863410949707,1805,28.401334762573242,7b50436b7fb9e828f0a8c32a69c53ab0,F014-httpError5xx,2,frontend::POST (apm.operation) -> frontend (apm.service),metrics|logs|traces,6.371011734008789,10000,1007592,True,0.7172772884368896,140,20,126,131,0,0,6,3,0,16,17,0,2,0.0001347064971923828,,,,,,263.82970786094666,6,11135,320.99786829948425,False,F014-httpError5xx,F020-loadBalancerFailure,1.0,Application logic,Application logic,7b50436b7fb9e828f0a8c32a69c53ab0,ed13cb14265f98d9eb3b89b664760adb,proposed_hybrid,kaggle,google/gemma-4/transformers/gemma-4-12b-it
t012,1.0,0.0,0.0372,0.4112,0.25,1.0,0.8333,21.232672929763794,0.7394542694091797,11.325292348861694,8.955750942230225,0.15344882011413574,0.006338834762573242,1.6450881958007812e-05,0.005906581878662109,120,27.918673992156982,ed13cb14265f98d9eb3b89b664760adb,F014-httpError5xx,2,inventory::/error (apm.operation) -> inventory (apm.service),metrics|logs|traces,7.348495960235596,10000,1053597,True,0.03504538536071777,98,20,84,63,26,6,0,3,2,19,42,1,0,0.00026607513427734375,,,,,,244.91026425361633,6,9563,302.0964324474335,False,F014-httpError5xx,F006-trafficSurge,1.0,Application logic,Application logic,ed13cb14265f98d9eb3b89b664760adb,ed13cb14265f98d9eb3b89b664760adb,proposed_hybrid,kaggle,google/gemma-4/transformers/gemma-4-12b-it
t013,0.25,0.0,0.4543,0.2363,0.0,0.0,0.8333,22.930371284484863,1.5203161239624023,10.156922578811646,10.841967821121216,0.3422987461090088,0.0077190399169921875,1.811981201171875e-05,0.0056400299072265625,133,28.309046268463135,7b50436b7fb9e828f0a8c32a69c53ab0,F014-httpError5xx,2,frontend::POST (apm.operation) -> frontend (apm.service),metrics|logs|traces,6.425932884216309,10000,1152687,True,0.043703556060791016,138,20,126,129,0,0,6,3,0,11,12,0,0,0.0001323223114013672,,,,,,261.399610042572,6,9836,319.7491419315338,False,F014-httpError5xx,F016-rateLimiting,1.0,Application logic,Application logic,7b50436b7fb9e828f0a8c32a69c53ab0,ed13cb14265f98d9eb3b89b664760adb,proposed_hybrid,kaggle,google/gemma-4/transformers/gemma-4-12b-it
t014,0.0625,1.0,0.0155,0.3296,0.125,1.0,0.8333,23.806602239608765,0.7914988994598389,14.610247373580933,8.013709306716919,0.32480621337890625,0.005909442901611328,1.1920928955078125e-05,0.0018031597137451172,232,25.190487146377563,1a52bc421f2aa7bd270a0f4fc47a6fe7,F014-httpError5xx,0,,metrics|logs|traces,8.26379132270813,10000,1201701,True,0.031999826431274414,120,54,66,55,58,7,0,0,20,46,31,1,0,0.0001544952392578125,,,,,,188.3545160293579,6,7372,246.4931697845459,False,F014-httpError5xx,F014-httpError5xx,1.0,Application logic,Application logic,1a52bc421f2aa7bd270a0f4fc47a6fe7,06e538f4a2950039a09fd3bba1d3b7b2,proposed_hybrid,kaggle,google/gemma-4/transformers/gemma-4-12b-it
t015,1.0,0.0,0.2818,0.4845,0.1667,1.0,0.8333,21.481467247009277,1.452113151550293,10.224843978881836,9.474412202835083,0.26853394508361816,0.007201194763183594,1.1205673217773438e-05,0.00703740119934082,177,27.77320957183838,ed13cb14265f98d9eb3b89b664760adb,F020-loadBalancerFailure,2,inventory::/api/v1/inventory/{productId} (apm.operation) -> inventory (apm.service),metrics|logs|traces,7.311408281326294,10000,1081010,True,0.03687739372253418,98,20,84,47,28,8,12,3,6,30,19,2,0,0.0002694129943847656,podRestartFlapping|redisUnavailable,,,,,188.6697597503662,6,7266,245.9262180328369,False,F020-loadBalancerFailure,F018-dbNetworkLatency,0.0,Application logic,Middleware&DB,ed13cb14265f98d9eb3b89b664760adb,ed13cb14265f98d9eb3b89b664760adb,proposed_hybrid,kaggle,google/gemma-4/transformers/gemma-4-12b-it
t016,1.0,0.0,0.5371,0.5611,0.0909,1.0,0.8333,24.67722201347351,0.7874596118927002,14.311811685562134,9.175458908081055,0.24885034561157227,0.09014368057250977,1.9311904907226562e-05,0.005590915679931641,116,28.38568377494812,469f8e313055adba13ca3f4e76c65505,F010-slowSQL,2,cart::POST /oteldemo.CartService/GetCart (apm.operation) -> cart (apm.service),metrics|logs|traces,6.9979164600372314,10000,1302233,True,0.029665231704711914,140,20,132,103,24,4,6,3,8,21,15,0,0,0.00025653839111328125,redisUnavailable,,,,,249.08306789398193,6,9626,310.0166096687317,False,F010-slowSQL,F014-httpError5xx,0.0,Middleware&DB,Application logic,469f8e313055adba13ca3f4e76c65505,469f8e313055adba13ca3f4e76c65505,proposed_hybrid,kaggle,google/gemma-4/transformers/gemma-4-12b-it
t017,1.0,0.0,0.2675,0.4803,0.25,1.0,0.8333,21.567296028137207,0.7923388481140137,11.868959426879883,8.705811738967896,0.13497018814086914,0.0071713924407958984,1.71661376953125e-05,0.007226705551147461,126,29.477756023406982,ed13cb14265f98d9eb3b89b664760adb,F011-codeDefect,2,inventory::/api/v1/inventory/{productId} (apm.operation) -> inventory (apm.service),metrics|logs|traces,9.680023670196533,10000,1003744,True,0.03583836555480957,98,20,90,67,24,4,0,3,2,7,4,1,0,0.00032401084899902344,,,,,,233.55206441879272,6,9234,295.0200688838959,False,F011-codeDefect,F016-rateLimiting,1.0,Application logic,Application logic,ed13cb14265f98d9eb3b89b664760adb,ed13cb14265f98d9eb3b89b664760adb,proposed_hybrid,kaggle,google/gemma-4/transformers/gemma-4-12b-it
t018,0.5,0.0,0.5267,0.358,0.125,1.0,0.8333,23.530258655548096,0.8577885627746582,11.875198364257812,10.351017713546753,0.37343645095825195,0.0070343017578125,1.33514404296875e-05,0.0060803890228271484,134,29.90889859199524,7b50436b7fb9e828f0a8c32a69c53ab0,F002-threadExhaustion,2,frontend::GET /api/data (apm.operation) -> frontend (apm.service),metrics|logs|traces,8.640371561050415,10000,1157508,True,0.03533816337585449,139,20,125,127,0,3,6,3,0,8,14,0,0,0.000202178955078125,,,,,,220.39400792121887,6,7857,283.27229952812195,False,F002-threadExhaustion,F012-cpuDeadLoop,0.0,JVM runtime,Resource&perf.,7b50436b7fb9e828f0a8c32a69c53ab0,b96ac7e3e7bfb7a90fff90d51ba5ebf1,proposed_hybrid,kaggle,google/gemma-4/transformers/gemma-4-12b-it
t019,0.0156,0.0,0.2286,0.0748,0.0,0.0,0.8333,22.2532856464386,0.80092453956604,12.67264699935913,8.528918504714966,0.1829845905303955,0.007253885269165039,2.3126602172851562e-05,0.006117820739746094,144,28.649280309677124,7b50436b7fb9e828f0a8c32a69c53ab0,F002-threadExhaustion,2,frontend::GET (apm.operation) -> frontend (apm.service),metrics,2.5475082397460938,10000,1132327,True,0.037035226821899414,128,20,114,119,0,0,6,3,0,11,5,0,0,0.00013208389282226562,,,,,,289.1356453895569,6,12080,343.31799840927124,False,F002-threadExhaustion,F026-nodeCpuHigh,0.0,JVM runtime,Cloud resource,7b50436b7fb9e828f0a8c32a69c53ab0,f97f547e9f5113a60d60db8836b0def6,proposed_hybrid,kaggle,google/gemma-4/transformers/gemma-4-12b-it
t020,0.5,0.0,0.2027,0.2608,0.125,1.0,0.8333,20.74923872947693,0.714261531829834,11.454519748687744,8.315597295761108,0.19317150115966797,0.011362552642822266,1.0013580322265625e-05,0.006540060043334961,202,28.306473970413208,7b50436b7fb9e828f0a8c32a69c53ab0,F014-httpError5xx,2,frontend::POST /api/cart (apm.operation) -> frontend (apm.service),metrics|logs|traces,6.927500486373901,10000,1117892,True,0.029128313064575195,116,20,102,79,24,4,6,3,2,21,54,0,0,0.0002593994140625,,,,,,197.65794444084167,6,7834,254.33712124824524,False,F011-codeDefect,F016-rateLimiting,1.0,Application logic,Application logic,7b50436b7fb9e828f0a8c32a69c53ab0,ed13cb14265f98d9eb3b89b664760adb,proposed_hybrid,kaggle,google/gemma-4/transformers/gemma-4-12b-it
t021,0.5,0.0,0.025,0.2075,0.125,1.0,0.8333,17.77121090888977,1.440514087677002,9.026665210723877,7.110351324081421,0.07236170768737793,0.07297539710998535,1.0967254638671875e-05,0.006944894790649414,200,28.20418381690979,7b50436b7fb9e828f0a8c32a69c53ab0,F010-slowSQL,2,frontend::POST /api/cart (apm.operation) -> frontend (apm.service),metrics|logs|traces,7.597722291946411,10000,907206,True,0.029184579849243164,116,20,102,103,2,2,6,3,1,20,15,0,0,0.00017213821411132812,,,,,,233.99462413787842,6,9198,288.16136932373047,False,F014-httpError5xx,F010-slowSQL,0.0,Application logic,Middleware&DB,7b50436b7fb9e828f0a8c32a69c53ab0,ed13cb14265f98d9eb3b89b664760adb,proposed_hybrid,kaggle,google/gemma-4/transformers/gemma-4-12b-it
t022,0.0312,0.0,0.2976,0.1018,0.0,0.0,0.8333,24.92959713935852,0.7990572452545166,12.566879987716675,11.321476936340332,0.0914604663848877,0.0850989818572998,1.5974044799804688e-05,0.0052950382232666016,83,28.424216985702515,ed13cb14265f98d9eb3b89b664760adb,F014-httpError5xx,2,inventory::/api/v1/inventory/{productId} (apm.operation) -> inventory (apm.service),metrics,2.6029341220855713,10000,1212296,True,0.02624344825744629,104,20,96,101,0,0,0,3,0,9,1,1,0,0.00012230873107910156,,,,,,244.52362394332886,6,10568,301.2107472419739,False,F014-httpError5xx,F025-diskIOHigh,0.0,Application logic,Resource&perf.,ed13cb14265f98d9eb3b89b664760adb,5c84b4649c75deeacfbd4149e3c8b496,proposed_hybrid,kaggle,google/gemma-4/transformers/gemma-4-12b-it
t023,0.5,0.0,0.3492,0.3048,0.1,1.0,0.8333,23.464809894561768,0.8083503246307373,13.752738952636719,8.543406248092651,0.28981733322143555,0.0067937374114990234,1.2636184692382812e-05,0.0056231021881103516,122,28.009337663650513,469f8e313055adba13ca3f4e76c65505,F010-slowSQL,2,cart::POST /oteldemo.CartService/GetCart (apm.operation) -> cart (apm.service),metrics|logs|traces,1.5540649890899658,10000,1197885,True,0.037286996841430664,145,20,138,128,4,4,6,3,2,31,29,0,0,0.00013208389282226562,,,,,,283.4223778247833,6,11281,337.27036142349243,False,F014-httpError5xx,F006-trafficSurge,1.0,Application logic,Application logic,469f8e313055adba13ca3f4e76c65505,7b50436b7fb9e828f0a8c32a69c53ab0,proposed_hybrid,kaggle,google/gemma-4/transformers/gemma-4-12b-it
t024,1.0,0.0,0.2068,0.462,0.1667,1.0,0.8333,21.520221948623657,0.8320102691650391,9.90314793586731,10.519547700881958,0.18580985069274902,0.01527261734008789,1.33514404296875e-05,0.005881309509277344,82,27.728135108947754,ed13cb14265f98d9eb3b89b664760adb,F001-nodeDown,2,inventory::/api/v1/inventory/{productId} (apm.operation) -> inventory (apm.service),metrics,2.6881191730499268,10000,1118979,True,0.03325343132019043,120,20,114,101,0,0,18,1,0,15,12,1,0,0.0001323223114013672,,,,,,223.86079668998718,6,8896,276.4798092842102,False,F001-nodeDown,F007-memoryPressure,0.0,Cloud resource,JVM runtime,ed13cb14265f98d9eb3b89b664760adb,ed13cb14265f98d9eb3b89b664760adb,proposed_hybrid,kaggle,google/gemma-4/transformers/gemma-4-12b-it
t025,1.0,0.0,0.267,0.4801,0.1667,1.0,0.8333,18.208471298217773,0.7110466957092285,11.470070123672485,5.63312554359436,0.332277774810791,0.006551504135131836,1.2874603271484375e-05,0.007258415222167969,177,27.64522886276245,ed13cb14265f98d9eb3b89b664760adb,F010-slowSQL,2,inventory::/api/v1/inventory/{productId} (apm.operation) -> inventory (apm.service),metrics|logs|traces,2.718763828277588,10000,958203,True,0.030273914337158203,98,20,84,47,28,8,12,3,10,26,18,2,0,0.0002799034118652344,podRestartFlapping|redisUnavailable,,,,,214.80667734146118,6,8051,264.0734624862671,False,F010-slowSQL,F018-dbNetworkLatency,1.0,Middleware&DB,Middleware&DB,ed13cb14265f98d9eb3b89b664760adb,ed13cb14265f98d9eb3b89b664760adb,proposed_hybrid,kaggle,google/gemma-4/transformers/gemma-4-12b-it
t026,0.5,0.0,0.1891,0.2567,0.125,1.0,0.8333,20.255050897598267,0.7986094951629639,11.758437156677246,7.250029563903809,0.38335585594177246,0.006424427032470703,1.4066696166992188e-05,0.005864143371582031,135,28.124521255493164,55e5d48e4d1bdc8b07f350cb89476ad1,F014-httpError5xx,2,checkout::/oteldemo.CheckoutService/PlaceOrder (apm.operation) -> checkout (apm.service),metrics|logs|traces,7.019011974334717,10000,1058673,True,0.03387117385864258,113,47,72,111,0,0,0,2,0,15,31,0,0,0.00012636184692382812,,,,,,245.40737652778625,6,10411,301.4849636554718,False,F014-httpError5xx,F039-resourceLimitMisconfig,0.0,Application logic,K8s lifecycle,55e5d48e4d1bdc8b07f350cb89476ad1,b966e1cdfad1990aea191923bbcaae31,proposed_hybrid,kaggle,google/gemma-4/transformers/gemma-4-12b-it
t027,1.0,0.0,0.2618,0.4785,0.2,1.0,0.8333,23.941242218017578,0.773296594619751,13.673193454742432,9.083052635192871,0.3366966247558594,0.008298873901367188,8.821487426757812e-06,0.0054204463958740234,83,27.597206354141235,ed13cb14265f98d9eb3b89b664760adb,F001-nodeDown,2,inventory::/api/v1/inventory/{productId} (apm.operation) -> inventory (apm.service),metrics|traces,2.717341184616089,10000,1236611,True,0.03580188751220703,122,20,114,101,0,0,18,3,0,16,18,0,0,0.00014591217041015625,,,,,,290.6819677352905,6,12125,345.73457741737366,False,F001-nodeDown,F034-cpuFullLoad,0.0,Cloud resource,Resource&perf.,ed13cb14265f98d9eb3b89b664760adb,ed13cb14265f98d9eb3b89b664760adb,proposed_hybrid,kaggle,google/gemma-4/transformers/gemma-4-12b-it
t028,1.0,1.0,0.2133,0.764,0.25,1.0,0.8333,19.293522357940674,0.7259840965270996,10.385272741317749,7.949080228805542,0.16620326042175293,0.006448507308959961,2.002716064453125e-05,0.006759166717529297,127,29.84687066078186,ed13cb14265f98d9eb3b89b664760adb,F014-httpError5xx,2,inventory::/api/v1/inventory/{productId} (apm.operation) -> inventory (apm.service),metrics|logs|traces,10.749948263168335,10000,1084778,True,0.027243852615356445,116,20,102,67,24,4,18,3,2,23,18,0,0,0.00023984909057617188,,,,,,201.76942372322083,6,7344,262.35408425331116,False,F014-httpError5xx,F014-httpError5xx,1.0,Application logic,Application logic,ed13cb14265f98d9eb3b89b664760adb,ed13cb14265f98d9eb3b89b664760adb,proposed_hybrid,kaggle,google/gemma-4/transformers/gemma-4-12b-it
t029,1.0,0.0,0.3184,0.4955,0.25,1.0,1.0,18.633039951324463,0.733980655670166,10.212731838226318,7.5010926723480225,0.12661504745483398,0.006262779235839844,1.0967254638671875e-05,0.005552530288696289,118,29.579527616500854,ed13cb14265f98d9eb3b89b664760adb,F011-codeDefect,2,inventory::/api/v1/inventory/{productId} (apm.operation) -> inventory (apm.service),metrics|logs|traces,8.730168342590332,10000,994115,True,0.027660131454467773,97,20,84,66,24,4,0,3,0,21,12,1,0,0.00022220611572265625,,,,,,245.0683958530426,6,9540,302.66305708885193,False,F011-codeDefect,F023-nullPointerException,1.0,Application logic,Application logic,ed13cb14265f98d9eb3b89b664760adb,ed13cb14265f98d9eb3b89b664760adb,proposed_hybrid,kaggle,google/gemma-4/transformers/gemma-4-12b-it
t030,1.0,1.0,0.1033,0.731,0.25,1.0,0.8333,18.88839101791382,0.7311539649963379,11.348679065704346,6.418686866760254,0.22536826133728027,0.1104891300201416,1.1682510375976562e-05,0.007376432418823242,178,28.14594602584839,ed13cb14265f98d9eb3b89b664760adb,F010-slowSQL,2,inventory::/api/v1/inventory/{productId} (apm.operation) -> inventory (apm.service),metrics|logs|traces,8.788662433624268,10000,986389,True,0.026329517364501953,92,20,72,45,26,6,12,3,5,35,14,0,0,0.00029850006103515625,podRestartFlapping|redisUnavailable,,,,,235.5597426891327,6,7998,292.12486481666565,False,F010-slowSQL,F010-slowSQL,1.0,Middleware&DB,Middleware&DB,ed13cb14265f98d9eb3b89b664760adb,ed13cb14265f98d9eb3b89b664760adb,proposed_hybrid,kaggle,google/gemma-4/transformers/gemma-4-12b-it
t031,0.5,0.0,0.29,0.287,0.0909,1.0,0.8333,19.35876178741455,0.7331058979034424,9.336483001708984,9.05384087562561,0.17075872421264648,0.007103443145751953,1.0013580322265625e-05,0.005922079086303711,131,28.146875381469727,55e5d48e4d1bdc8b07f350cb89476ad1,F010-slowSQL,2,checkout::/oteldemo.CheckoutService/PlaceOrder (apm.operation) -> checkout (apm.service),metrics,2.847733736038208,10000,1067086,True,0.025236129760742188,90,20,78,87,0,0,0,3,0,8,8,0,0,0.00012540817260742188,,,,,,253.3141324520111,6,9933,304.27898478507996,False,F010-slowSQL,F029-redisUnavailable,1.0,Middleware&DB,Middleware&DB,55e5d48e4d1bdc8b07f350cb89476ad1,469f8e313055adba13ca3f4e76c65505,proposed_hybrid,kaggle,google/gemma-4/transformers/gemma-4-12b-it
t032,1.0,0.0,0.532,0.5596,0.25,1.0,0.8333,19.697600603103638,0.7186908721923828,11.096586465835571,7.661969423294067,0.15177655220031738,0.007635593414306641,1.1920928955078125e-05,0.006372690200805664,176,28.12400722503662,ed13cb14265f98d9eb3b89b664760adb,F014-httpError5xx,2,inventory::/api/v1/inventory/{productId} (apm.operation) -> inventory (apm.service),metrics|logs|traces,4.061426877975464,10000,1076834,True,0.029378652572631836,94,20,74,45,26,6,14,3,3,27,49,0,0,0.00026798248291015625,,,,,,186.9955222606659,6,7146,239.55450916290283,False,F014-httpError5xx,F016-rateLimiting,1.0,Application logic,Application logic,ed13cb14265f98d9eb3b89b664760adb,ed13cb14265f98d9eb3b89b664760adb,proposed_hybrid,kaggle,google/gemma-4/transformers/gemma-4-12b-it
t033,0.125,0.0,0.2911,0.1373,0.0,0.0,0.8333,22.287644624710083,0.7140281200408936,14.15431547164917,7.233471155166626,0.09470701217651367,0.02793145179748535,1.1205673217773438e-05,0.0060672760009765625,180,28.035640954971313,ae41c357daeed41f49e51340e779af71,F020-loadBalancerFailure,2,product-catalog::oteldemo.ProductCatalogService/ListProducts (apm.operation) -> product-catalog (apm.service),metrics|logs|traces,8.517381191253662,10000,1138149,True,0.05498933792114258,108,43,72,71,29,6,0,2,3,8,34,0,0,0.00017452239990234375,,,,,,286.25808906555176,6,9586,345.87844252586365,False,F020-loadBalancerFailure,F036-replicaScaleDown,0.0,Application logic,K8s lifecycle,ae41c357daeed41f49e51340e779af71,53ba95864da43d9f76c51d6688ef55fd,proposed_hybrid,kaggle,google/gemma-4/transformers/gemma-4-12b-it
t034,0.25,0.0,0.2797,0.1839,0.0,0.0,0.8333,21.476930141448975,0.7203130722045898,11.454554080963135,9.083514928817749,0.07392477989196777,0.08311820030212402,1.1205673217773438e-05,0.006304025650024414,177,28.340858697891235,7b50436b7fb9e828f0a8c32a69c53ab0,F014-httpError5xx,2,frontend::POST /api/cart (apm.operation) -> frontend (apm.service),metrics|logs|traces,9.96749997138977,10000,1179655,True,0.030277490615844727,122,20,108,119,0,0,0,3,0,22,6,0,0,0.000194549560546875,,,,,,282.9345922470093,6,11659,343.42504048347473,False,F014-httpError5xx,F016-rateLimiting,1.0,Application logic,Application logic,7b50436b7fb9e828f0a8c32a69c53ab0,ed13cb14265f98d9eb3b89b664760adb,proposed_hybrid,kaggle,google/gemma-4/transformers/gemma-4-12b-it
t035,1.0,0.0,0.2823,0.4847,0.25,1.0,1.0,18.183119773864746,0.7628810405731201,9.465724229812622,7.663433790206909,0.2293715476989746,0.006108999252319336,1.0013580322265625e-05,0.005630970001220703,118,28.079009532928467,ed13cb14265f98d9eb3b89b664760adb,F014-httpError5xx,2,inventory::/api/v1/inventory/{productId} (apm.operation) -> inventory (apm.service),metrics|logs|traces,3.6774682998657227,10000,997959,True,0.031035184860229492,97,20,84,66,24,4,0,3,0,15,14,1,0,0.00024271011352539062,,,,,,237.33410239219666,6,9307,287.86744260787964,False,F014-httpError5xx,F023-nullPointerException,1.0,Application logic,Application logic,ed13cb14265f98d9eb3b89b664760adb,ed13cb14265f98d9eb3b89b664760adb,proposed_hybrid,kaggle,google/gemma-4/transformers/gemma-4-12b-it
t036,0.0312,0.0,0.4195,0.1383,0.0833,1.0,0.8333,21.663834810256958,0.7211823463439941,10.35358715057373,10.323455333709717,0.13712573051452637,0.06457734107971191,2.2172927856445312e-05,0.005434751510620117,123,27.962632179260254,469f8e313055adba13ca3f4e76c65505,F010-slowSQL,2,cart::POST /oteldemo.CartService/AddItem (apm.operation) -> cart (apm.service),metrics,0.23770403861999512,10000,1183320,True,0.02816629409790039,136,20,132,127,0,0,6,3,0,17,4,0,0,0.00012373924255371094,,,,,,270.3656048774719,6,11507,320.9080054759979,False,F010-slowSQL,F026-nodeCpuHigh,0.0,Middleware&DB,Cloud resource,469f8e313055adba13ca3f4e76c65505,b3b2ffabc65e72425b34ea6a0caa18da,proposed_hybrid,kaggle,google/gemma-4/transformers/gemma-4-12b-it
t037,1.0,0.0,0.3667,0.51,0.25,1.0,0.8333,22.55418562889099,0.852257251739502,11.052736282348633,10.310279369354248,0.12316250801086426,0.15216970443725586,1.1205673217773438e-05,0.004597663879394531,54,27.849143505096436,ed13cb14265f98d9eb3b89b664760adb,F014-httpError5xx,2,inventory::/api/v1/inventory/{productId} (apm.operation) -> inventory (apm.service),metrics|logs|traces,6.942334413528442,10000,1230063,True,0.03282308578491211,110,20,108,83,22,2,0,3,2,49,13,0,0,0.00021314620971679688,,,,,,209.1976170539856,6,9086,267.2835030555725,False,F022-fullGC,F016-rateLimiting,0.0,JVM runtime,Application logic,ed13cb14265f98d9eb3b89b664760adb,ed13cb14265f98d9eb3b89b664760adb,proposed_hybrid,kaggle,google/gemma-4/transformers/gemma-4-12b-it
t038,0.0312,0.0,0.3393,0.1143,0.0769,1.0,0.8333,18.889429569244385,0.7276113033294678,10.28778624534607,7.65312123298645,0.11614584922790527,0.045950889587402344,2.0742416381835938e-05,0.0054531097412109375,120,28.10541868209839,469f8e313055adba13ca3f4e76c65505,F010-slowSQL,2,cart::POST /oteldemo.CartService/AddItem (apm.operation) -> cart (apm.service),metrics,3.022271156311035,10000,1084318,True,0.023899078369140625,135,20,132,126,0,0,6,3,0,5,12,1,0,0.00011873245239257812,,,,,,291.51719641685486,6,11714,342.17716240882874,False,F010-slowSQL,F026-nodeCpuHigh,0.0,Middleware&DB,Cloud resource,469f8e313055adba13ca3f4e76c65505,b3b2ffabc65e72425b34ea6a0caa18da,proposed_hybrid,kaggle,google/gemma-4/transformers/gemma-4-12b-it
t039,0.5,0.0,0.1857,0.2557,0.125,1.0,0.8333,22.85142683982849,0.7718384265899658,13.286386728286743,8.38355040550232,0.3376586437225342,0.006793498992919922,1.0728836059570312e-05,0.005812406539916992,128,30.170637845993042,55e5d48e4d1bdc8b07f350cb89476ad1,F010-slowSQL,2,checkout::/oteldemo.CheckoutService/PlaceOrder (apm.operation) -> checkout (apm.service),metrics|logs|traces,8.071964502334595,10000,1155943,True,0.03300070762634277,86,20,72,83,0,0,0,3,0,11,32,0,0,0.00013446807861328125,,,,,,277.6532554626465,6,11337,339.50798630714417,False,F010-slowSQL,F056-networkPolicyIsolation,0.0,Middleware&DB,K8s lifecycle,55e5d48e4d1bdc8b07f350cb89476ad1,b966e1cdfad1990aea191923bbcaae31,proposed_hybrid,kaggle,google/gemma-4/transformers/gemma-4-12b-it
t040,1.0,0.0,0.3579,0.5074,0.125,1.0,0.8333,20.66001009941101,0.7295515537261963,11.049339771270752,8.682364463806152,0.1321868896484375,0.006261110305786133,1.1205673217773438e-05,0.005934000015258789,133,29.44111394882202,ed13cb14265f98d9eb3b89b664760adb,F010-slowSQL,2,inventory (apm.operation) -> inventory (apm.service),metrics|logs|traces,7.55382776260376,10000,1084032,True,0.035652875900268555,140,20,132,103,24,4,6,3,4,13,14,0,0,0.00027680397033691406,,,,,,252.25660157203674,6,8463,310.5913019180298,False,F010-slowSQL,F022-fullGC,0.0,Middleware&DB,JVM runtime,ed13cb14265f98d9eb3b89b664760adb,ed13cb14265f98d9eb3b89b664760adb,proposed_hybrid,kaggle,google/gemma-4/transformers/gemma-4-12b-it
t041,1.0,0.0,0.3106,0.4932,0.25,1.0,0.8333,25.385217666625977,0.7429976463317871,13.555420637130737,10.814203262329102,0.19757676124572754,0.006494045257568359,1.2159347534179688e-05,0.004923343658447266,58,27.80943202972412,ed13cb14265f98d9eb3b89b664760adb,F010-slowSQL,2,inventory::/api/v1/inventory/batch-reconciliation (apm.operation) -> inventory (apm.service),metrics|logs|traces,8.291898727416992,10000,1284604,True,0.030911922454833984,122,20,120,95,22,2,0,3,0,36,25,2,0,0.00026035308837890625,,,,,,182.76211285591125,6,7186,245.0625467300415,False,F010-slowSQL,F034-cpuFullLoad,0.0,Middleware&DB,Resource&perf.,ed13cb14265f98d9eb3b89b664760adb,ed13cb14265f98d9eb3b89b664760adb,proposed_hybrid,kaggle,google/gemma-4/transformers/gemma-4-12b-it
t042,1.0,0.0,0.0243,0.4073,0.25,1.0,0.8333,21.43649649620056,0.7313268184661865,11.363130331039429,8.977919578552246,0.28830671310424805,0.017276287078857422,1.1444091796875e-05,0.004690408706665039,59,27.971394538879395,ed13cb14265f98d9eb3b89b664760adb,F011-codeDefect,2,inventory::/error (apm.operation) -> inventory (apm.service),metrics|logs|traces,3.221100091934204,10000,1082606,True,0.03287005424499512,122,20,120,95,22,2,0,3,2,30,26,0,0,0.0002446174621582031,,,,,,235.44865679740906,6,9493,288.77779269218445,False,F011-codeDefect,F006-trafficSurge,1.0,Application logic,Application logic,ed13cb14265f98d9eb3b89b664760adb,ed13cb14265f98d9eb3b89b664760adb,proposed_hybrid,kaggle,google/gemma-4/transformers/gemma-4-12b-it
t043,0.5,1.0,0.4576,0.6373,0.25,1.0,0.8333,29.276959896087646,0.8003866672515869,15.569621562957764,12.58043909072876,0.2422647476196289,0.006930828094482422,1.0251998901367188e-05,0.005797386169433594,125,27.750211000442505,ed13cb14265f98d9eb3b89b664760adb,F014-httpError5xx,2,inventory::/api/v1/inventory/{productId} (apm.operation) -> inventory (apm.service),metrics|logs|traces,10.587612628936768,10000,1472388,True,0.032041311264038086,104,20,96,77,22,2,0,3,1,21,24,0,0,0.00021886825561523438,,,,,,232.85165572166443,6,9092,301.38246846199036,False,F014-httpError5xx,F014-httpError5xx,1.0,Application logic,Application logic,ed13cb14265f98d9eb3b89b664760adb,469f8e313055adba13ca3f4e76c65505,proposed_hybrid,kaggle,google/gemma-4/transformers/gemma-4-12b-it
t044,0.25,0.0,0.245,0.1735,0.0,0.0,0.8333,21.68175959587097,0.8537619113922119,11.123018980026245,9.408208847045898,0.1278517246246338,0.10393571853637695,8.821487426757812e-06,0.005078554153442383,127,28.245874404907227,7b50436b7fb9e828f0a8c32a69c53ab0,F001-nodeDown,2,frontend::GET /api/products/{productId} (apm.operation) -> frontend (apm.service),metrics,2.1676218509674072,10000,1187221,True,0.02349114418029785,138,20,126,129,0,0,6,3,0,16,16,0,0,0.0001201629638671875,,,,,,241.82415890693665,6,9330,294.58635544776917,False,F001-nodeDown,F007-memoryPressure,0.0,Cloud resource,JVM runtime,7b50436b7fb9e828f0a8c32a69c53ab0,ed13cb14265f98d9eb3b89b664760adb,proposed_hybrid,kaggle,google/gemma-4/transformers/gemma-4-12b-it
t045,1.0,1.0,0.5346,0.8604,0.1429,1.0,0.8333,23.565234661102295,0.8350894451141357,11.826087236404419,10.469341278076172,0.35686469078063965,0.008494138717651367,1.1205673217773438e-05,0.0047626495361328125,73,27.62754535675049,b96ac7e3e7bfb7a90fff90d51ba5ebf1,F014-httpError5xx,2,ad::oteldemo.AdService/GetAds (apm.operation) -> ad (apm.service),metrics|logs|traces,7.339624404907227,10000,1236084,True,0.05218648910522461,128,20,120,125,0,0,0,3,0,12,19,0,0,0.00012826919555664062,,,,,,265.1848306655884,6,9944,324.50991916656494,False,F014-httpError5xx,F014-httpError5xx,1.0,Application logic,Application logic,b96ac7e3e7bfb7a90fff90d51ba5ebf1,b96ac7e3e7bfb7a90fff90d51ba5ebf1,proposed_hybrid,kaggle,google/gemma-4/transformers/gemma-4-12b-it
t046,0.5,1.0,0.5225,0.6567,0.1111,1.0,0.8333,24.23245620727539,0.8085997104644775,13.094016075134277,9.929425239562988,0.32579565048217773,0.005773305892944336,1.2874603271484375e-05,0.00565648078918457,132,28.110612154006958,55e5d48e4d1bdc8b07f350cb89476ad1,F014-httpError5xx,2,checkout::/oteldemo.CheckoutService/PlaceOrder (apm.operation) -> checkout (apm.service),metrics|logs|traces,5.799845218658447,10000,1283251,True,0.048464059829711914,100,34,72,96,2,0,0,2,1,19,18,0,0,0.00020384788513183594,,,,,,234.84904646873474,6,9107,293.8262357711792,False,F014-httpError5xx,F014-httpError5xx,1.0,Application logic,Application logic,55e5d48e4d1bdc8b07f350cb89476ad1,06e538f4a2950039a09fd3bba1d3b7b2,proposed_hybrid,kaggle,google/gemma-4/transformers/gemma-4-12b-it
t047,0.5,0.0,0.1754,0.2526,0.0769,1.0,0.8333,20.9670512676239,0.7605297565460205,12.470296382904053,7.466108798980713,0.20105504989624023,0.008882761001586914,7.867813110351562e-06,0.005579471588134766,118,27.916078329086304,469f8e313055adba13ca3f4e76c65505,F001-nodeDown,2,cart::POST /oteldemo.CartService/AddItem (apm.operation) -> cart (apm.service),metrics,2.000659465789795,10000,1096405,True,0.02209305763244629,137,20,132,128,0,0,6,3,0,19,13,0,0,0.0001232624053955078,httpError5xx,,,,,234.0932331085205,6,9361,285.73202681541443,False,F004-trafficHotspot,F007-memoryPressure,0.0,Application logic,JVM runtime,469f8e313055adba13ca3f4e76c65505,ed13cb14265f98d9eb3b89b664760adb,proposed_hybrid,kaggle,google/gemma-4/transformers/gemma-4-12b-it
t048,0.0625,0.0,0.125,0.0625,0.0769,1.0,0.8333,29.045334577560425,0.8266704082489014,15.567452192306519,12.391600847244263,0.1727766990661621,0.008204221725463867,2.2649765014648438e-05,0.00650334358215332,131,27.826411485671997,ae41c357daeed41f49e51340e779af71,F014-httpError5xx,2,product-catalog::oteldemo.ProductCatalogService/GetProduct (apm.operation) -> product-catalog (apm.service),metrics,3.5126328468322754,10000,1382420,True,0.03164815902709961,140,44,108,132,0,0,6,2,0,9,4,0,0,0.0001304149627685547,,,,,,269.739315032959,6,10522,331.036749124527,False,F014-httpError5xx,F026-nodeCpuHigh,0.0,Application logic,Cloud resource,ae41c357daeed41f49e51340e779af71,b3b2ffabc65e72425b34ea6a0caa18da,proposed_hybrid,kaggle,google/gemma-4/transformers/gemma-4-12b-it
t049,0.5,0.0,0.5146,0.3544,0.1,1.0,0.8333,16.441805362701416,0.8753204345703125,6.899832487106323,8.317758560180664,0.21340370178222656,0.08021664619445801,2.9325485229492188e-05,0.006796598434448242,122,28.456923007965088,469f8e313055adba13ca3f4e76c65505,F002-threadExhaustion,2,cart::POST /oteldemo.CartService/GetCart (apm.operation) -> cart (apm.service),metrics|logs|traces,8.146675825119019,10000,859879,True,0.041525840759277344,144,20,138,131,2,2,6,3,2,28,27,0,0,0.00016450881958007812,httpError5xx,,,,,292.14927411079407,6,11498,345.733980178833,False,F002-threadExhaustion,F004-trafficHotspot,0.0,JVM runtime,Application logic,469f8e313055adba13ca3f4e76c65505,ed13cb14265f98d9eb3b89b664760adb,proposed_hybrid,kaggle,google/gemma-4/transformers/gemma-4-12b-it
t050,0.25,0.0,0.3024,0.1907,0.0,0.0,0.8333,27.668225049972534,0.8078165054321289,14.525408029556274,12.102002143859863,0.1498868465423584,0.008140087127685547,1.3828277587890625e-05,0.00657963752746582,169,30.344900369644165,7b50436b7fb9e828f0a8c32a69c53ab0,F014-httpError5xx,2,frontend::POST (apm.operation) -> frontend (apm.service),metrics|logs|traces,8.835189819335938,10000,1285456,True,0.02914714813232422,122,20,108,119,0,0,0,3,0,17,18,0,0,0.0001442432403564453,,,,,,292.1259272098541,6,11739,359.8466947078705,False,F014-httpError5xx,F023-nullPointerException,1.0,Application logic,Application logic,7b50436b7fb9e828f0a8c32a69c53ab0,ed13cb14265f98d9eb3b89b664760adb,proposed_hybrid,kaggle,google/gemma-4/transformers/gemma-4-12b-it
t051,0.5,0.0,0.1322,0.2397,0.0833,1.0,0.8333,21.020603895187378,0.8226597309112549,8.837058305740356,10.939765214920044,0.35931944847106934,0.006769657135009766,2.09808349609375e-05,0.016360759735107422,186,29.34538507461548,469f8e313055adba13ca3f4e76c65505,F010-slowSQL,2,cart::POST /oteldemo.CartService/AddItem (apm.operation) -> cart (apm.service),metrics|logs|traces,11.781930208206177,10000,1053273,True,0.048906803131103516,110,20,96,54,32,15,6,3,6,30,17,1,0,0.000316619873046875,,,,,,259.1694972515106,6,9753,321.9556701183319,False,F010-slowSQL,F006-trafficSurge,0.0,Middleware&DB,Application logic,469f8e313055adba13ca3f4e76c65505,ed13cb14265f98d9eb3b89b664760adb,proposed_hybrid,kaggle,google/gemma-4/transformers/gemma-4-12b-it
t052,0.25,1.0,0.5283,0.5585,0.0,0.0,0.8333,24.749122381210327,0.7729301452636719,13.819471597671509,9.713104724884033,0.3772401809692383,0.006997585296630859,4.267692565917969e-05,0.006405353546142578,116,31.049508094787598,7b50436b7fb9e828f0a8c32a69c53ab0,F014-httpError5xx,2,frontend::POST /api/checkout (apm.operation) -> frontend (apm.service),metrics|logs|traces,5.036814212799072,10000,1184931,True,0.04001355171203613,127,20,114,118,0,0,6,3,0,12,26,0,0,0.00013637542724609375,,,,,,261.59717440605164,6,9691,323.2414085865021,False,F014-httpError5xx,F014-httpError5xx,1.0,Application logic,Application logic,7b50436b7fb9e828f0a8c32a69c53ab0,06e538f4a2950039a09fd3bba1d3b7b2,proposed_hybrid,kaggle,google/gemma-4/transformers/gemma-4-12b-it
t053,1.0,0.0,0.0268,0.408,0.25,1.0,0.8333,19.009023427963257,0.7949404716491699,9.976908683776855,7.958127021789551,0.1819286346435547,0.047266483306884766,1.430511474609375e-05,0.005541563034057617,58,30.37765622138977,ed13cb14265f98d9eb3b89b664760adb,F010-slowSQL,2,inventory::/api/v1/inventory/batch-reconciliation (apm.operation) -> inventory (apm.service),metrics|logs|traces,4.897958040237427,10000,966174,True,0.042634010314941406,122,20,120,95,22,2,0,3,3,33,21,1,0,0.00034356117248535156,,,,,,242.75909996032715,6,8021,297.67275404930115,False,F010-slowSQL,F034-cpuFullLoad,0.0,Middleware&DB,Resource&perf.,ed13cb14265f98d9eb3b89b664760adb,ed13cb14265f98d9eb3b89b664760adb,proposed_hybrid,kaggle,google/gemma-4/transformers/gemma-4-12b-it
t054,0.25,0.0,0.363,0.2089,0.0,0.0,0.8333,26.373605251312256,0.7958354949951172,13.11397671699524,12.098038911819458,0.2947566509246826,0.006747245788574219,1.5735626220703125e-05,0.00917673110961914,134,31.052983045578003,7b50436b7fb9e828f0a8c32a69c53ab0,F014-httpError5xx,2,frontend::POST /api/cart (apm.operation) -> frontend (apm.service),metrics|logs|traces,6.905185699462891,10000,1285329,True,0.03165268898010254,139,20,126,130,0,0,6,3,0,27,14,0,0,0.00012493133544921875,,,,,,292.2919681072235,6,10825,357.4719159603119,False,F014-httpError5xx,F016-rateLimiting,1.0,Application logic,Application logic,7b50436b7fb9e828f0a8c32a69c53ab0,ed13cb14265f98d9eb3b89b664760adb,proposed_hybrid,kaggle,google/gemma-4/transformers/gemma-4-12b-it
t055,1.0,0.0,0.3564,0.5069,0.25,1.0,0.8333,21.47542953491211,0.7530879974365234,11.204345703125,9.22712254524231,0.22122550010681152,0.009451150894165039,2.956390380859375e-05,0.006000995635986328,56,32.616121768951416,ed13cb14265f98d9eb3b89b664760adb,F010-slowSQL,2,inventory::/actuator/health (apm.operation) -> inventory (apm.service),metrics|logs|traces,5.639285326004028,10000,1083807,True,0.03135490417480469,122,20,120,95,22,2,0,3,3,36,10,3,0,0.00027489662170410156,,,,,,297.2195198535919,6,8930,357.66923451423645,False,F010-slowSQL,F002-threadExhaustion,0.0,Middleware&DB,JVM runtime,ed13cb14265f98d9eb3b89b664760adb,ed13cb14265f98d9eb3b89b664760adb,proposed_hybrid,kaggle,google/gemma-4/transformers/gemma-4-12b-it
t056,1.0,0.0,0.2519,0.4756,0.25,1.0,0.8333,19.663825750350952,0.784294605255127,11.988479375839233,6.702697277069092,0.1310114860534668,0.006298542022705078,1.3828277587890625e-05,0.006117105484008789,127,32.87334632873535,ed13cb14265f98d9eb3b89b664760adb,F014-httpError5xx,2,inventory::/api/v1/inventory/{productId} (apm.operation) -> inventory (apm.service),metrics|logs|traces,7.467783212661743,10000,983994,True,0.041383981704711914,96,20,82,61,26,6,0,3,4,23,12,0,0,0.00022673606872558594,,,,,,245.63971281051636,6,9029,306.382936000824,False,F014-httpError5xx,F016-rateLimiting,1.0,Application logic,Application logic,ed13cb14265f98d9eb3b89b664760adb,ed13cb14265f98d9eb3b89b664760adb,proposed_hybrid,kaggle,google/gemma-4/transformers/gemma-4-12b-it
t057,0.5,0.0,0.1667,0.25,0.0769,1.0,0.8333,18.44682502746582,0.7952163219451904,12.025948524475098,5.375062704086304,0.15511727333068848,0.04911541938781738,1.8835067749023438e-05,0.005714893341064453,118,31.375611305236816,469f8e313055adba13ca3f4e76c65505,F002-threadExhaustion,2,cart::POST /oteldemo.CartService/AddItem (apm.operation) -> cart (apm.service),metrics,2.164979934692383,10000,896423,True,0.03130197525024414,137,20,132,128,0,0,6,3,0,19,12,0,0,0.00014162063598632812,,,,,,250.7069685459137,6,9408,303.33986139297485,False,F002-threadExhaustion,F007-memoryPressure,1.0,JVM runtime,JVM runtime,469f8e313055adba13ca3f4e76c65505,ed13cb14265f98d9eb3b89b664760adb,proposed_hybrid,kaggle,google/gemma-4/transformers/gemma-4-12b-it
t058,1.0,0.0,0.2288,0.4686,0.25,1.0,0.8333,21.82378602027893,0.7778279781341553,11.051986694335938,9.74022364616394,0.08496785163879395,0.10856080055236816,1.9073486328125e-05,0.005324363708496094,56,30.649255514144897,ed13cb14265f98d9eb3b89b664760adb,F011-codeDefect,2,inventory::/* (apm.operation) -> inventory (apm.service),metrics|logs|traces,6.463209390640259,10000,1083642,True,0.03251934051513672,116,20,114,89,22,2,0,3,2,14,45,0,0,0.0002505779266357422,,,,,,236.9326491355896,6,9001,296.5775821208954,False,F011-codeDefect,F014-httpError5xx,1.0,Application logic,Application logic,ed13cb14265f98d9eb3b89b664760adb,ed13cb14265f98d9eb3b89b664760adb,proposed_hybrid,kaggle,google/gemma-4/transformers/gemma-4-12b-it
t059,1.0,0.0,0.1967,0.459,0.25,1.0,0.8333,20.78035807609558,0.7798635959625244,11.335657119750977,8.345070838928223,0.2613828182220459,0.007104158401489258,3.337860107421875e-05,0.005597591400146484,55,30.440290927886963,ed13cb14265f98d9eb3b89b664760adb,F010-slowSQL,2,inventory::/sandbox/csbusiness/module/http/* (apm.operation) -> inventory (apm.service),metrics|logs|traces,5.45924973487854,10000,993573,True,0.03075575828552246,128,20,120,101,22,2,0,3,0,36,13,2,0,0.0002601146697998047,,,,,,187.12577962875366,6,6949,244.49385523796082,False,F010-slowSQL,F022-fullGC,0.0,Middleware&DB,JVM runtime,ed13cb14265f98d9eb3b89b664760adb,ed13cb14265f98d9eb3b89b664760adb,proposed_hybrid,kaggle,google/gemma-4/transformers/gemma-4-12b-it
t060,0.0625,0.0,0.3333,0.125,0.0769,1.0,0.8333,15.124457359313965,0.7424941062927246,8.758967161178589,5.441450119018555,0.13503599166870117,0.006132841110229492,1.5497207641601562e-05,0.005632877349853516,118,30.92971920967102,ae41c357daeed41f49e51340e779af71,F014-httpError5xx,2,product-catalog::oteldemo.ProductCatalogService/GetProduct (apm.operation) -> product-catalog (apm.service),metrics,2.216175079345703,10000,745987,True,0.047704458236694336,139,45,114,131,0,0,6,2,0,4,19,0,0,0.00014066696166992188,,,,,,275.71337056159973,6,10413,324.4853022098541,False,F014-httpError5xx,F026-nodeCpuHigh,0.0,Application logic,Cloud resource,ae41c357daeed41f49e51340e779af71,e9ff88d0d4435e77b15e4cc955e04836,proposed_hybrid,kaggle,google/gemma-4/transformers/gemma-4-12b-it
t061,0.5,0.0,0.1598,0.2479,0.0769,1.0,0.8333,22.704323768615723,0.7845187187194824,13.041054487228394,8.57707166671753,0.2243046760559082,0.013483524322509766,1.1444091796875e-05,0.005789756774902344,118,31.122596979141235,469f8e313055adba13ca3f4e76c65505,F002-threadExhaustion,2,cart::POST /oteldemo.CartService/AddItem (apm.operation) -> cart (apm.service),metrics,0.309877872467041,10000,1166567,True,0.024697065353393555,137,20,132,128,0,0,6,3,0,17,13,1,0,0.00012803077697753906,httpError5xx,,,,,261.02952790260315,6,9570,315.9419593811035,False,F002-threadExhaustion,F007-memoryPressure,1.0,JVM runtime,JVM runtime,469f8e313055adba13ca3f4e76c65505,ed13cb14265f98d9eb3b89b664760adb,proposed_hybrid,kaggle,google/gemma-4/transformers/gemma-4-12b-it
t062,0.0,0.0,0.1421,0.0426,0.0,0.0,0.8333,29.157960653305054,0.8667035102844238,14.02542233467102,13.855712413787842,0.22174692153930664,0.11590337753295898,1.5735626220703125e-05,0.0019588470458984375,237,27.68183159828186,121db50848071469c0d279b04b16ec4e,F010-slowSQL,0,,metrics|logs|traces,7.563705682754517,10000,1506149,True,0.039446353912353516,91,20,71,53,26,7,5,0,2,62,9,2,0,0.00019168853759765625,,,,,,252.19860863685608,6,8168,317.48113775253296,False,F010-slowSQL,F005-messageQueueBacklog,1.0,Middleware&DB,Middleware&DB,121db50848071469c0d279b04b16ec4e,938b93c483d62fc359229634908f9b2c,proposed_hybrid,kaggle,google/gemma-4/transformers/gemma-4-12b-it
t063,1.0,0.0,0.2454,0.4736,0.25,1.0,0.8333,23.806166410446167,0.7790405750274658,13.3446786403656,9.345903635025024,0.2626926898956299,0.007196187973022461,1.3113021850585938e-05,0.006261348724365234,123,30.544876098632812,ed13cb14265f98d9eb3b89b664760adb,F020-loadBalancerFailure,2,inventory::/api/v1/inventory/{productId} (apm.operation) -> inventory (apm.service),metrics|logs|traces,7.382628679275513,10000,1186229,True,0.03293442726135254,110,20,96,57,26,6,18,3,2,24,54,2,0,0.0002505779266357422,,,,,,254.6986095905304,6,9577,317.2077422142029,False,F020-loadBalancerFailure,F007-memoryPressure,0.0,Application logic,JVM runtime,ed13cb14265f98d9eb3b89b664760adb,ed13cb14265f98d9eb3b89b664760adb,proposed_hybrid,kaggle,google/gemma-4/transformers/gemma-4-12b-it
t064,0.25,0.0,0.089,0.1267,0.0,0.0,0.8333,24.28158211708069,0.7720487117767334,13.528111219406128,9.644303798675537,0.26476192474365234,0.007898569107055664,1.1682510375976562e-05,0.006214141845703125,168,31.083199739456177,7b50436b7fb9e828f0a8c32a69c53ab0,F004-trafficHotspot,2,frontend::POST /api/batch-reconciliation (apm.operation) -> frontend (apm.service),metrics|traces,2.447197914123535,10000,1283334,True,0.03399038314819336,140,20,126,131,0,0,6,3,0,14,20,0,0,0.00015401840209960938,,,,,,287.96157336235046,6,11098,346.57409048080444,False,F014-httpError5xx,F034-cpuFullLoad,0.0,Application logic,Resource&perf.,7b50436b7fb9e828f0a8c32a69c53ab0,ed13cb14265f98d9eb3b89b664760adb,proposed_hybrid,kaggle,google/gemma-4/transformers/gemma-4-12b-it
t065,0.25,0.0,0.0252,0.1076,0.0,0.0,0.8333,14.37498140335083,0.7508888244628906,8.488723993301392,4.9302732944488525,0.1492938995361328,0.012332677841186523,1.621246337890625e-05,0.00726628303527832,204,31.120166540145874,7b50436b7fb9e828f0a8c32a69c53ab0,F014-httpError5xx,2,frontend::POST /api/checkout (apm.operation) -> frontend (apm.service),metrics|logs|traces,6.848970890045166,10000,753646,True,0.030798673629760742,116,20,102,103,2,2,6,3,0,27,28,0,1,0.00020623207092285156,,,,,,240.98537516593933,6,8722,293.85386967658997,False,F014-httpError5xx,F036-replicaScaleDown,0.0,Application logic,K8s lifecycle,7b50436b7fb9e828f0a8c32a69c53ab0,b966e1cdfad1990aea191923bbcaae31,proposed_hybrid,kaggle,google/gemma-4/transformers/gemma-4-12b-it
t066,0.5,0.0,0.5284,0.3585,0.125,1.0,0.8333,18.679959297180176,0.8928592205047607,11.327754020690918,6.206413269042969,0.15250349044799805,0.043975830078125,3.600120544433594e-05,0.008223772048950195,193,33.44931697845459,55e5d48e4d1bdc8b07f350cb89476ad1,F014-httpError5xx,2,checkout::/oteldemo.CheckoutService/PlaceOrder (apm.operation) -> checkout (apm.service),metrics|logs|traces,9.154690742492676,10000,905046,True,0.05856466293334961,120,54,72,79,36,2,0,3,2,17,54,0,0,0.0004210472106933594,dnsResolutionFailure,,,,,297.2584936618805,6,8878,359.2584550380707,False,F014-httpError5xx,F057-dnsResolutionFailure,0.0,Application logic,K8s lifecycle,55e5d48e4d1bdc8b07f350cb89476ad1,b966e1cdfad1990aea191923bbcaae31,proposed_hybrid,kaggle,google/gemma-4/transformers/gemma-4-12b-it
t067,0.25,0.0,0.2364,0.1709,0.0,0.0,0.8333,22.822643280029297,0.791923999786377,10.75867509841919,10.938225507736206,0.2622685432434082,0.008764266967773438,1.0013580322265625e-05,0.006276845932006836,167,33.16780138015747,7b50436b7fb9e828f0a8c32a69c53ab0,F004-trafficHotspot,2,frontend::POST /api/cart (apm.operation) -> frontend (apm.service),metrics|traces,1.1465845108032227,10000,1183973,True,0.02977132797241211,140,20,126,131,0,0,6,3,0,14,18,0,0,0.00016307830810546875,,,,,,303.9759376049042,6,11341,361.79523634910583,False,F004-trafficHotspot,F034-cpuFullLoad,0.0,Application logic,Resource&perf.,7b50436b7fb9e828f0a8c32a69c53ab0,ed13cb14265f98d9eb3b89b664760adb,proposed_hybrid,kaggle,google/gemma-4/transformers/gemma-4-12b-it
t068,0.5,0.0,0.1495,0.2449,0.1429,1.0,0.8333,23.037937879562378,0.8529684543609619,13.67608118057251,8.153573274612427,0.2860896587371826,0.006288290023803711,1.5735626220703125e-05,0.006480216979980469,162,30.549916744232178,469f8e313055adba13ca3f4e76c65505,F010-slowSQL,2,cart::POST /oteldemo.CartService/AddItem (apm.operation) -> cart (apm.service),metrics|logs|traces,8.580446004867554,10000,1176415,True,0.028115034103393555,86,20,72,77,0,0,6,3,0,32,48,2,0,0.0001494884490966797,,,,,,316.58488631248474,6,11844,379.57782101631165,False,F010-slowSQL,F007-memoryPressure,0.0,Middleware&DB,JVM runtime,469f8e313055adba13ca3f4e76c65505,ed13cb14265f98d9eb3b89b664760adb,proposed_hybrid,kaggle,google/gemma-4/transformers/gemma-4-12b-it
t069,0.0625,0.0,0.3571,0.1321,0.0833,1.0,0.8333,24.400534629821777,0.7739362716674805,12.284958600997925,11.100816249847412,0.1627049446105957,0.00690460205078125,1.52587890625e-05,0.007136821746826172,159,30.59281301498413,ae41c357daeed41f49e51340e779af71,F014-httpError5xx,2,product-catalog::oteldemo.ProductCatalogService/ListProducts (apm.operation) -> product-catalog (apm.service),metrics,2.389496326446533,10000,1226081,True,0.02872443199157715,135,43,108,127,0,0,6,2,0,17,4,0,0,0.00016069412231445312,,,,,,290.2572739124298,6,10563,348.3866810798645,False,F014-httpError5xx,F026-nodeCpuHigh,0.0,Application logic,Cloud resource,ae41c357daeed41f49e51340e779af71,e9ff88d0d4435e77b15e4cc955e04836,proposed_hybrid,kaggle,google/gemma-4/transformers/gemma-4-12b-it
t070,0.5,0.0,0.1895,0.2569,0.125,1.0,0.8333,20.43676996231079,1.4633681774139404,12.37651252746582,6.423099994659424,0.05852174758911133,0.05746006965637207,1.4066696166992188e-05,0.007008790969848633,200,30.82504391670227,7b50436b7fb9e828f0a8c32a69c53ab0,F010-slowSQL,2,frontend::POST /api/checkout (apm.operation) -> frontend (apm.service),metrics|logs|traces,8.108145952224731,10000,1004293,True,0.0272674560546875,116,20,102,109,2,2,0,3,0,33,2,0,0,0.00019550323486328125,,,,,,195.55738258361816,6,7118,255.61123204231262,False,F010-slowSQL,F014-httpError5xx,0.0,Middleware&DB,Application logic,7b50436b7fb9e828f0a8c32a69c53ab0,469f8e313055adba13ca3f4e76c65505,proposed_hybrid,kaggle,google/gemma-4/transformers/gemma-4-12b-it
t071,0.25,0.0,0.2391,0.1717,0.0,0.0,0.8333,21.20886993408203,0.785597562789917,9.239335060119629,10.858489513397217,0.2578861713409424,0.00811314582824707,1.1205673217773438e-05,0.006709098815917969,167,31.206435680389404,7b50436b7fb9e828f0a8c32a69c53ab0,F004-trafficHotspot,2,frontend::POST /api/cart (apm.operation) -> frontend (apm.service),metrics|traces,0.2652559280395508,10000,1116640,True,0.029169082641601562,140,20,126,131,0,0,6,3,0,13,20,0,0,0.0001251697540283203,,,,,,315.7050950527191,6,11730,369.02345299720764,False,F004-trafficHotspot,F034-cpuFullLoad,0.0,Application logic,Resource&perf.,7b50436b7fb9e828f0a8c32a69c53ab0,ed13cb14265f98d9eb3b89b664760adb,proposed_hybrid,kaggle,google/gemma-4/transformers/gemma-4-12b-it
t072,1.0,0.0,0.172,0.4516,0.1667,1.0,0.8333,20.352906465530396,1.5338265895843506,13.427820920944214,5.126399040222168,0.20436930656433105,0.008837223052978516,9.298324584960938e-06,0.0057904720306396484,81,30.305397033691406,ed13cb14265f98d9eb3b89b664760adb,F001-nodeDown,2,inventory::/api/v1/inventory/{productId} (apm.operation) -> inventory (apm.service),metrics,1.104891300201416,10000,995090,True,0.027107715606689453,121,20,114,100,0,0,18,3,0,17,14,0,0,0.0001289844512939453,,,,,,252.87125968933105,6,9040,305.3336045742035,False,F001-nodeDown,F007-memoryPressure,0.0,Cloud resource,JVM runtime,ed13cb14265f98d9eb3b89b664760adb,ed13cb14265f98d9eb3b89b664760adb,proposed_hybrid,kaggle,google/gemma-4/transformers/gemma-4-12b-it
t073,0.0312,0.0,0.2626,0.0913,0.0,0.0,0.8333,15.501961469650269,0.7525644302368164,7.397453308105469,7.119638442993164,0.18094468116760254,0.006072998046875,1.5020370483398438e-05,0.0057184696197509766,83,30.777411460876465,ed13cb14265f98d9eb3b89b664760adb,F014-httpError5xx,2,inventory::/api/v1/inventory/{productId} (apm.operation) -> inventory (apm.service),metrics,2.4182801246643066,10000,792233,True,0.0303955078125,103,20,96,100,0,0,0,3,0,16,20,1,0,0.00012421607971191406,,,,,,273.36756205558777,6,10704,322.53338098526,False,F004-trafficHotspot,F001-nodeDown,0.0,Application logic,Cloud resource,ed13cb14265f98d9eb3b89b664760adb,7ebab0534e460fa3d6eefe3118cb1294,proposed_hybrid,kaggle,google/gemma-4/transformers/gemma-4-12b-it
t074,0.25,0.0,0.2996,0.1899,0.125,1.0,0.8333,22.813212156295776,0.8117601871490479,12.868346214294434,8.708893060684204,0.3558964729309082,0.006970405578613281,1.3589859008789062e-05,0.00656890869140625,163,30.979036808013916,55e5d48e4d1bdc8b07f350cb89476ad1,F014-httpError5xx,2,checkout::/oteldemo.CheckoutService/PlaceOrder (apm.operation) -> checkout (apm.service),metrics|logs|traces,6.1240785121917725,10000,1182557,True,0.03631782531738281,115,49,72,112,0,0,0,3,0,13,18,0,1,0.00012230873107910156,,,,,,233.10463428497314,6,8756,293.8853693008423,False,F014-httpError5xx,F050-podCrashLoop,0.0,Application logic,K8s lifecycle,55e5d48e4d1bdc8b07f350cb89476ad1,b4cd6212edc76fabc59018b902550aee,proposed_hybrid,kaggle,google/gemma-4/transformers/gemma-4-12b-it
t075,1.0,0.0,0.3597,0.5079,0.25,1.0,0.8333,19.52684760093689,0.7677838802337646,11.43354868888855,7.126888036727905,0.12405109405517578,0.0063629150390625,1.3589859008789062e-05,0.008417844772338867,61,30.718838453292847,ed13cb14265f98d9eb3b89b664760adb,F014-httpError5xx,2,inventory::/api/v1/inventory/{productId} (apm.operation) -> inventory (apm.service),metrics|logs|traces,6.895000696182251,10000,954242,True,0.4691455364227295,122,20,120,95,22,2,0,3,2,21,14,0,0,0.0002384185791015625,,,,,,248.94998812675476,6,9362,307.20676851272583,False,F014-httpError5xx,F020-loadBalancerFailure,1.0,Application logic,Application logic,ed13cb14265f98d9eb3b89b664760adb,ed13cb14265f98d9eb3b89b664760adb,proposed_hybrid,kaggle,google/gemma-4/transformers/gemma-4-12b-it
t076,0.25,0.0,0.2147,0.1644,0.1111,1.0,0.8333,20.516996383666992,0.7697765827178955,10.211048364639282,9.179184436798096,0.29359936714172363,0.005944490432739258,2.5272369384765625e-05,0.0059642791748046875,129,33.48016595840454,55e5d48e4d1bdc8b07f350cb89476ad1,F014-httpError5xx,2,checkout::/oteldemo.CheckoutService/PlaceOrder (apm.operation) -> checkout (apm.service),metrics|logs|traces,6.461631774902344,10000,1083324,True,0.03619790077209473,121,58,72,118,0,0,0,3,0,11,23,0,0,0.00012969970703125,,,,,,292.3269462585449,6,10682,353.4880952835083,False,F014-httpError5xx,F036-replicaScaleDown,0.0,Application logic,K8s lifecycle,55e5d48e4d1bdc8b07f350cb89476ad1,53ba95864da43d9f76c51d6688ef55fd,proposed_hybrid,kaggle,google/gemma-4/transformers/gemma-4-12b-it
t077,0.25,0.0,0.1897,0.1569,0.0,0.0,0.8333,25.546973705291748,0.8013124465942383,13.477406978607178,10.983643054962158,0.20787763595581055,0.007010698318481445,9.655952453613281e-05,0.006836891174316406,207,33.28157162666321,7b50436b7fb9e828f0a8c32a69c53ab0,F014-httpError5xx,2,frontend::POST (apm.operation) -> frontend (apm.service),metrics|logs|traces,10.373451471328735,10000,1285116,True,0.02929091453552246,122,20,108,119,0,0,0,3,0,13,14,0,0,0.0001323223114013672,,,,,,266.4609582424164,6,9674,336.4886236190796,False,F014-httpError5xx,F016-rateLimiting,1.0,Application logic,Application logic,7b50436b7fb9e828f0a8c32a69c53ab0,ed13cb14265f98d9eb3b89b664760adb,proposed_hybrid,kaggle,google/gemma-4/transformers/gemma-4-12b-it
t078,0.125,0.0,0.3161,0.1448,0.0,0.0,0.8333,17.729224681854248,0.7442717552185059,7.155055046081543,9.581260442733765,0.18976902961730957,0.006433248519897461,1.5735626220703125e-05,0.006942272186279297,193,31.3415207862854,7b50436b7fb9e828f0a8c32a69c53ab0,F014-httpError5xx,2,frontend::POST /api/checkout (apm.operation) -> frontend (apm.service),metrics|logs|traces,7.694748163223267,10000,914224,True,0.026868820190429688,116,20,102,89,22,2,0,3,1,17,27,0,0,0.00019431114196777344,,,,,,255.9927854537964,6,9685,313.2727212905884,False,F014-httpError5xx,F036-replicaScaleDown,0.0,Application logic,K8s lifecycle,7b50436b7fb9e828f0a8c32a69c53ab0,53ba95864da43d9f76c51d6688ef55fd,proposed_hybrid,kaggle,google/gemma-4/transformers/gemma-4-12b-it
t079,0.125,0.0,0.4236,0.1771,0.0,0.0,0.8333,19.153599739074707,1.552248239517212,11.963770866394043,5.388049602508545,0.19092392921447754,0.006452322006225586,1.3828277587890625e-05,0.0051517486572265625,67,30.570124626159668,ed13cb14265f98d9eb3b89b664760adb,F014-httpError5xx,2,inventory::/api/v1/inventory/{productId} (apm.operation) -> inventory (apm.service),metrics|logs|traces,6.999941825866699,10000,923538,True,0.03740811347961426,116,20,114,89,22,2,0,3,2,49,5,0,0,0.0002644062042236328,,,,,,224.86331415176392,6,9032,282.253315448761,False,F022-fullGC,F009-cacheBreakdown,0.0,JVM runtime,Middleware&DB,ed13cb14265f98d9eb3b89b664760adb,70af2dee3d886988a1f1baefbf5fc400,proposed_hybrid,kaggle,google/gemma-4/transformers/gemma-4-12b-it
t080,0.0312,0.0,0.3067,0.1045,0.125,1.0,0.8333,17.703556537628174,1.506765365600586,5.4328155517578125,10.548495769500732,0.13917994499206543,0.021634340286254883,1.8596649169921875e-05,0.006440877914428711,131,30.6178879737854,ed13cb14265f98d9eb3b89b664760adb,F014-httpError5xx,2,inventory::/api/v1/inventory/{productId} (apm.operation) -> inventory (apm.service),metrics|logs|traces,7.0292065143585205,10000,888667,True,0.038311004638671875,134,20,126,107,22,2,0,3,0,12,6,0,0,0.0002682209014892578,,,,,,246.49806213378906,6,9271,302.34324645996094,False,F014-httpError5xx,F026-nodeCpuHigh,0.0,Application logic,Cloud resource,ed13cb14265f98d9eb3b89b664760adb,e9ff88d0d4435e77b15e4cc955e04836,proposed_hybrid,kaggle,google/gemma-4/transformers/gemma-4-12b-it
t081,0.25,0.0,0.3171,0.1951,0.0833,1.0,0.8333,22.745521068572998,0.7837514877319336,12.00140118598938,9.73361587524414,0.16072440147399902,0.006493568420410156,1.7881393432617188e-05,0.006012916564941406,124,31.136494159698486,55e5d48e4d1bdc8b07f350cb89476ad1,F014-httpError5xx,2,checkout::/oteldemo.CheckoutService/PlaceOrder (apm.operation) -> checkout (apm.service),metrics|logs|traces,7.556694030761719,10000,1079865,True,0.034272193908691406,123,51,84,120,0,0,0,3,0,33,13,0,0,0.00014352798461914062,,,,,,272.48507618904114,6,9948,334.64549708366394,False,F014-httpError5xx,F036-replicaScaleDown,0.0,Application logic,K8s lifecycle,55e5d48e4d1bdc8b07f350cb89476ad1,53ba95864da43d9f76c51d6688ef55fd,proposed_hybrid,kaggle,google/gemma-4/transformers/gemma-4-12b-it
t082,0.0625,0.0,0.3571,0.1321,0.0769,1.0,0.8333,21.75213313102722,0.8521432876586914,14.17799425125122,6.498955726623535,0.16003680229187012,0.006346225738525391,3.147125244140625e-05,0.0062334537506103516,127,30.66511607170105,ae41c357daeed41f49e51340e779af71,F014-httpError5xx,2,product-catalog::oteldemo.ProductCatalogService/ListProducts (apm.operation) -> product-catalog (apm.service),metrics,2.92738676071167,10000,1064391,True,0.031751155853271484,140,44,114,131,0,0,6,3,0,9,3,0,0,0.00015974044799804688,,,,,,276.205525636673,6,10319,332.2909655570984,False,F014-httpError5xx,F026-nodeCpuHigh,0.0,Application logic,Cloud resource,ae41c357daeed41f49e51340e779af71,e9ff88d0d4435e77b15e4cc955e04836,proposed_hybrid,kaggle,google/gemma-4/transformers/gemma-4-12b-it
t083,0.25,0.0,0.2562,0.1769,0.0,0.0,0.8333,24.089861392974854,0.8471479415893555,13.439752101898193,9.578341007232666,0.06589555740356445,0.09185957908630371,1.8358230590820312e-05,0.006119251251220703,124,31.038689136505127,7b50436b7fb9e828f0a8c32a69c53ab0,F014-httpError5xx,2,frontend::POST (apm.operation) -> frontend (apm.service),metrics|logs|traces,7.928759336471558,10000,1160752,True,0.03573322296142578,140,20,126,119,12,0,6,3,0,14,33,0,0,0.000209808349609375,,,,,,245.20687294006348,6,9573,309.0296046733856,False,F011-codeDefect,F023-nullPointerException,1.0,Application logic,Application logic,7b50436b7fb9e828f0a8c32a69c53ab0,ed13cb14265f98d9eb3b89b664760adb,proposed_hybrid,kaggle,google/gemma-4/transformers/gemma-4-12b-it
t084,0.5,1.0,0.4198,0.6259,0.1,1.0,0.8333,13.828919172286987,0.8777296543121338,7.659493446350098,4.916563987731934,0.31949448585510254,0.006628274917602539,1.3113021850585938e-05,0.009266376495361328,283,30.71862006187439,469f8e313055adba13ca3f4e76c65505,F010-slowSQL,2,cart::POST /oteldemo.CartService/AddItem (apm.operation) -> cart (apm.service),metrics|logs|traces,6.869985580444336,10000,690552,True,0.05987358093261719,152,20,144,133,2,2,12,3,0,12,35,1,0,0.0001468658447265625,,,,,,270.961439371109,6,11001,322.94876503944397,False,F010-slowSQL,F010-slowSQL,1.0,Middleware&DB,Middleware&DB,469f8e313055adba13ca3f4e76c65505,ed13cb14265f98d9eb3b89b664760adb,proposed_hybrid,kaggle,google/gemma-4/transformers/gemma-4-12b-it
t085,0.25,0.0,0.5227,0.2568,0.0,0.0,0.8333,16.50438690185547,0.7861032485961914,8.37997055053711,7.068792104721069,0.21341562271118164,0.006643772125244141,1.3828277587890625e-05,0.005925893783569336,143,31.21069598197937,7b50436b7fb9e828f0a8c32a69c53ab0,F002-threadExhaustion,2,frontend::POST /api/checkout (apm.operation) -> frontend (apm.service),metrics|logs|traces,6.764391183853149,10000,828910,True,0.04969620704650879,137,20,126,128,0,0,6,3,0,19,23,0,0,0.00015306472778320312,,,,,,286.7356643676758,6,11294,341.80502486228943,False,F002-threadExhaustion,F010-slowSQL,0.0,JVM runtime,Middleware&DB,7b50436b7fb9e828f0a8c32a69c53ab0,ed13cb14265f98d9eb3b89b664760adb,proposed_hybrid,kaggle,google/gemma-4/transformers/gemma-4-12b-it
t086,0.5,0.0,0.1673,0.2502,0.0909,1.0,0.8333,18.502553462982178,0.823754072189331,13.709760665893555,3.731672525405884,0.1756763458251953,0.007380247116088867,1.2159347534179688e-05,0.006141185760498047,158,30.905521631240845,469f8e313055adba13ca3f4e76c65505,F004-trafficHotspot,2,cart::POST /oteldemo.CartService/AddItem (apm.operation) -> cart (apm.service),metrics|traces,0.3035244941711426,10000,936633,True,0.0357203483581543,137,20,132,128,0,0,6,3,0,17,18,0,0,0.0001647472381591797,,,,,,315.2562220096588,6,11767,365.8124704360962,False,F004-trafficHotspot,F034-cpuFullLoad,0.0,Application logic,Resource&perf.,469f8e313055adba13ca3f4e76c65505,ed13cb14265f98d9eb3b89b664760adb,proposed_hybrid,kaggle,google/gemma-4/transformers/gemma-4-12b-it
t087,0.5,0.0,0.1416,0.2425,0.125,1.0,0.8333,22.947304248809814,0.9099900722503662,12.049052953720093,9.572343111038208,0.34316492080688477,0.007863283157348633,3.910064697265625e-05,0.008486747741699219,200,33.342732667922974,55e5d48e4d1bdc8b07f350cb89476ad1,F014-httpError5xx,2,checkout::/oteldemo.CheckoutService/PlaceOrder (apm.operation) -> checkout (apm.service),metrics|logs|traces,8.203530311584473,10000,1075362,True,0.05771756172180176,117,51,72,85,26,3,0,3,0,29,42,0,0,0.00032019615173339844,redisUnavailable,,,,,216.4452896118164,6,7478,281.765056848526,False,F014-httpError5xx,F052-podRestartFlapping,0.0,Application logic,K8s lifecycle,55e5d48e4d1bdc8b07f350cb89476ad1,b966e1cdfad1990aea191923bbcaae31,proposed_hybrid,kaggle,google/gemma-4/transformers/gemma-4-12b-it
t088,0.5,0.0,0.5195,0.3558,0.1,1.0,0.8333,22.06726098060608,0.8714170455932617,14.835184335708618,6.019406795501709,0.27225828170776367,0.007643699645996094,4.863739013671875e-05,0.006554841995239258,122,32.96099042892456,469f8e313055adba13ca3f4e76c65505,F010-slowSQL,2,cart::POST /oteldemo.CartService/GetCart (apm.operation) -> cart (apm.service),metrics|logs|traces,9.29093861579895,10000,1037379,True,0.036539554595947266,144,20,138,131,2,2,6,3,0,27,27,0,0,0.00017952919006347656,,,,,,297.8538851737976,6,11449,362.99639534950256,False,F010-slowSQL,F004-trafficHotspot,0.0,Middleware&DB,Application logic,469f8e313055adba13ca3f4e76c65505,ed13cb14265f98d9eb3b89b664760adb,proposed_hybrid,kaggle,google/gemma-4/transformers/gemma-4-12b-it
t089,1.0,0.0,0.2246,0.4674,0.25,1.0,0.8333,18.615820169448853,0.7985513210296631,8.998853921890259,8.533116340637207,0.22154474258422852,0.006512165069580078,1.621246337890625e-05,0.005566596984863281,54,30.608535051345825,ed13cb14265f98d9eb3b89b664760adb,F011-codeDefect,2,inventory::/api/v1/inventory/{productId} (apm.operation) -> inventory (apm.service),metrics|logs|traces,7.38801383972168,10000,972137,True,0.03580331802368164,110,20,108,83,22,2,0,3,2,25,8,0,0,0.0002701282501220703,,,,,,232.56258416175842,6,8985,289.79344940185547,False,F022-fullGC,F016-rateLimiting,0.0,JVM runtime,Application logic,ed13cb14265f98d9eb3b89b664760adb,ed13cb14265f98d9eb3b89b664760adb,proposed_hybrid,kaggle,google/gemma-4/transformers/gemma-4-12b-it
t090,0.0625,0.0,0.2604,0.1031,0.0769,1.0,0.8333,26.700336694717407,0.8537428379058838,15.188299179077148,10.355478525161743,0.22291970252990723,0.006755352020263672,1.7881393432617188e-05,0.006090402603149414,122,30.59608268737793,ae41c357daeed41f49e51340e779af71,F014-httpError5xx,2,product-catalog::oteldemo.ProductCatalogService/ListProducts (apm.operation) -> product-catalog (apm.service),metrics,3.194239377975464,10000,1301231,True,0.027386188507080078,144,42,114,136,0,0,6,2,0,3,8,0,0,0.00019884109497070312,,,,,,289.3206763267517,6,10672,350.77471566200256,False,F014-httpError5xx,F026-nodeCpuHigh,0.0,Application logic,Cloud resource,ae41c357daeed41f49e51340e779af71,e9ff88d0d4435e77b15e4cc955e04836,proposed_hybrid,kaggle,google/gemma-4/transformers/gemma-4-12b-it
t091,0.5,0.0,0.4142,0.3243,0.0909,1.0,0.8333,20.809062719345093,0.8204529285430908,12.552601099014282,7.245377540588379,0.12661433219909668,0.006404876708984375,1.621246337890625e-05,0.0067555904388427734,160,30.658345460891724,ae41c357daeed41f49e51340e779af71,F014-httpError5xx,2,product-catalog::oteldemo.ProductCatalogService/GetProduct (apm.operation) -> product-catalog (apm.service),metrics|logs|traces,10.324561357498169,10000,976868,True,0.03144025802612305,114,42,84,98,4,4,6,2,1,25,49,0,0,0.00024890899658203125,,,,,,243.9626441001892,6,8715,306.46358346939087,False,F014-httpError5xx,F006-trafficSurge,1.0,Application logic,Application logic,ae41c357daeed41f49e51340e779af71,7b50436b7fb9e828f0a8c32a69c53ab0,proposed_hybrid,kaggle,google/gemma-4/transformers/gemma-4-12b-it
t092,0.0156,0.0,0.2417,0.0787,0.0,0.0,0.8333,27.540550231933594,0.8469116687774658,15.416213035583496,11.014716386795044,0.17337894439697266,0.012784957885742188,1.5735626220703125e-05,0.0066852569580078125,171,31.035240411758423,7b50436b7fb9e828f0a8c32a69c53ab0,F002-threadExhaustion,2,frontend::GET /api/recommendations (apm.operation) -> frontend (apm.service),metrics,3.3188154697418213,10000,1412092,True,0.031957149505615234,140,20,126,131,0,0,6,3,0,22,4,0,0,0.0002713203430175781,,,,,,322.9409420490265,6,12345,385.71812558174133,False,F002-threadExhaustion,F026-nodeCpuHigh,0.0,JVM runtime,Cloud resource,7b50436b7fb9e828f0a8c32a69c53ab0,f97f547e9f5113a60d60db8836b0def6,proposed_hybrid,kaggle,google/gemma-4/transformers/gemma-4-12b-it
t093,0.5,0.0,0.2616,0.2785,0.0909,1.0,0.8333,21.016417741775513,0.8385002613067627,11.187006711959839,8.627609968185425,0.2910144329071045,0.007205009460449219,1.0728836059570312e-05,0.006695270538330078,158,30.449199438095093,469f8e313055adba13ca3f4e76c65505,F001-nodeDown,2,cart::POST /oteldemo.CartService/GetCart (apm.operation) -> cart (apm.service),metrics|traces,1.9879584312438965,10000,1007107,True,0.031314849853515625,140,20,132,131,0,0,6,3,0,16,18,0,0,0.00014662742614746094,,,,,,298.259400844574,6,11503,352.3994927406311,False,F001-nodeDown,F034-cpuFullLoad,0.0,Cloud resource,Resource&perf.,469f8e313055adba13ca3f4e76c65505,ed13cb14265f98d9eb3b89b664760adb,proposed_hybrid,kaggle,google/gemma-4/transformers/gemma-4-12b-it
t094,1.0,0.0,0.2222,0.4667,0.1667,1.0,0.8333,15.880069732666016,0.8336992263793945,9.01752781867981,5.754499912261963,0.20634102821350098,0.01735067367553711,1.5497207641601562e-05,0.005944013595581055,83,31.138212203979492,ed13cb14265f98d9eb3b89b664760adb,F004-trafficHotspot,2,inventory::/api/v1/inventory/batch-reconciliation (apm.operation) -> inventory (apm.service),metrics,1.976569414138794,10000,746035,True,0.030591487884521484,121,20,114,100,0,0,18,3,0,19,11,0,0,0.00015687942504882812,,,,,,260.6159212589264,6,9142,310.1372973918915,False,F004-trafficHotspot,F007-memoryPressure,0.0,Application logic,JVM runtime,ed13cb14265f98d9eb3b89b664760adb,ed13cb14265f98d9eb3b89b664760adb,proposed_hybrid,kaggle,google/gemma-4/transformers/gemma-4-12b-it
t095,0.5,0.0,0.1079,0.2324,0.125,1.0,0.8333,28.600706100463867,0.8882293701171875,14.917289733886719,12.502625703811646,0.20373010635375977,0.008650541305541992,2.0503997802734375e-05,0.007791996002197266,189,30.834065198898315,55e5d48e4d1bdc8b07f350cb89476ad1,F010-slowSQL,2,checkout::/oteldemo.CheckoutService/PlaceOrder (apm.operation) -> checkout (apm.service),metrics|logs|traces,10.071642398834229,10000,1287135,True,0.04207301139831543,86,20,72,68,13,2,0,3,3,15,38,0,0,0.0002231597900390625,redisUnavailable,,,,,259.86343026161194,6,8512,330.2969250679016,False,F010-slowSQL,F051-podPendingUnschedulable,0.0,Middleware&DB,K8s lifecycle,55e5d48e4d1bdc8b07f350cb89476ad1,b966e1cdfad1990aea191923bbcaae31,proposed_hybrid,kaggle,google/gemma-4/transformers/gemma-4-12b-it
t096,1.0,0.0,0.1795,0.4539,0.25,1.0,0.8333,21.457926988601685,0.8308603763580322,9.729302167892456,10.56174635887146,0.2610476016998291,0.008205175399780273,4.7206878662109375e-05,0.005240917205810547,57,30.270130395889282,ed13cb14265f98d9eb3b89b664760adb,F010-slowSQL,2,inventory::/api/v1/inventory/batch-reconciliation (apm.operation) -> inventory (apm.service),metrics|logs|traces,7.48054575920105,10000,1136472,True,0.040094614028930664,122,20,120,95,22,2,0,3,4,30,22,0,0,0.00027680397033691406,,,,,,247.62196493148804,6,8220,307.52035212516785,False,F010-slowSQL,F007-memoryPressure,0.0,Middleware&DB,JVM runtime,ed13cb14265f98d9eb3b89b664760adb,ed13cb14265f98d9eb3b89b664760adb,proposed_hybrid,kaggle,google/gemma-4/transformers/gemma-4-12b-it
t097,0.25,0.0,0.3161,0.1948,0.125,1.0,0.8333,24.41003108024597,0.7572751045227051,13.817650079727173,9.603464603424072,0.15395665168762207,0.006025791168212891,1.7642974853515625e-05,0.0073168277740478516,180,32.894654273986816,ae41c357daeed41f49e51340e779af71,F020-loadBalancerFailure,2,product-catalog::oteldemo.ProductCatalogService/ListProducts (apm.operation) -> product-catalog (apm.service),metrics|logs|traces,10.973836421966553,10000,1285093,True,0.03157329559326172,110,44,72,60,30,6,11,3,6,17,12,0,0,0.0002224445343017578,,,,,,317.509140253067,6,9823,386.5875542163849,False,F020-loadBalancerFailure,F010-slowSQL,0.0,Application logic,Middleware&DB,ae41c357daeed41f49e51340e779af71,ed13cb14265f98d9eb3b89b664760adb,proposed_hybrid,kaggle,google/gemma-4/transformers/gemma-4-12b-it
t098,0.25,0.0,0.2778,0.1833,0.0,0.0,0.8333,25.227092504501343,0.8207347393035889,13.158504247665405,11.014339685440063,0.15319013595581055,0.007827997207641602,1.621246337890625e-05,0.006665468215942383,109,33.005449533462524,7b50436b7fb9e828f0a8c32a69c53ab0,F014-httpError5xx,2,frontend::POST (apm.operation) -> frontend (apm.service),metrics|logs|traces,8.494572401046753,10000,1285042,True,0.03260183334350586,140,20,126,131,0,0,6,3,0,26,11,0,0,0.00016236305236816406,,,,,,250.1849012374878,6,9522,317.7469894886017,False,F014-httpError5xx,F011-codeDefect,1.0,Application logic,Application logic,7b50436b7fb9e828f0a8c32a69c53ab0,ed13cb14265f98d9eb3b89b664760adb,proposed_hybrid,kaggle,google/gemma-4/transformers/gemma-4-12b-it
t099,0.25,1.0,0.2209,0.4663,0.0,0.0,0.8333,25.61277747154236,0.7952752113342285,13.099889516830444,11.47009801864624,0.16068673133850098,0.006988048553466797,3.838539123535156e-05,0.0065937042236328125,125,31.218206644058228,7b50436b7fb9e828f0a8c32a69c53ab0,F014-httpError5xx,2,frontend::POST /api/cart (apm.operation) -> frontend (apm.service),metrics|logs|traces,8.2076735496521,10000,1284295,True,0.033888816833496094,140,20,126,131,0,0,6,3,0,35,13,0,0,0.00014781951904296875,,,,,,292.1160373687744,6,11340,357.98635959625244,False,F014-httpError5xx,F014-httpError5xx,1.0,Application logic,Application logic,7b50436b7fb9e828f0a8c32a69c53ab0,ed13cb14265f98d9eb3b89b664760adb,proposed_hybrid,kaggle,google/gemma-4/transformers/gemma-4-12b-it
t100,0.125,0.0,0.2499,0.125,0.0,0.0,0.8333,22.611018180847168,0.7599837779998779,11.807810544967651,9.808709383010864,0.1574878692626953,0.008423328399658203,1.4543533325195312e-05,0.007443428039550781,196,31.015658140182495,7b50436b7fb9e828f0a8c32a69c53ab0,F014-httpError5xx,2,frontend::POST /api/checkout (apm.operation) -> frontend (apm.service),metrics|logs|traces,10.463577508926392,10000,1141525,True,0.03273606300354004,116,20,102,89,22,2,0,3,0,9,35,0,0,0.0003066062927246094,,,,,,245.44403171539307,6,9123,310.401736497879,False,F011-codeDefect,F036-replicaScaleDown,0.0,Application logic,K8s lifecycle,7b50436b7fb9e828f0a8c32a69c53ab0,53ba95864da43d9f76c51d6688ef55fd,proposed_hybrid,kaggle,google/gemma-4/transformers/gemma-4-12b-it
t101,1.0,0.0,0.5242,0.5573,0.25,1.0,0.8333,18.261195421218872,0.8366923332214355,9.494220733642578,7.587647914886475,0.27798914909362793,0.007195234298706055,1.4781951904296875e-05,0.005198001861572266,59,30.750491619110107,ed13cb14265f98d9eb3b89b664760adb,F014-httpError5xx,2,inventory::/api/v1/inventory/{productId} (apm.operation) -> inventory (apm.service),metrics|logs|traces,6.640980243682861,10000,951589,True,0.0351254940032959,116,20,120,89,22,2,0,3,0,26,29,1,0,0.00026869773864746094,,,,,,237.93922638893127,6,9336,294.2273111343384,False,F014-httpError5xx,F004-trafficHotspot,1.0,Application logic,Application logic,ed13cb14265f98d9eb3b89b664760adb,ed13cb14265f98d9eb3b89b664760adb,proposed_hybrid,kaggle,google/gemma-4/transformers/gemma-4-12b-it
t102,0.5,0.0,0.1645,0.2494,0.1429,1.0,0.8333,26.496139764785767,0.8561022281646729,14.054499864578247,11.088793992996216,0.4091000556945801,0.008594751358032227,1.7881393432617188e-05,0.0074999332427978516,162,30.585878372192383,469f8e313055adba13ca3f4e76c65505,F010-slowSQL,2,cart::POST /oteldemo.CartService/AddItem (apm.operation) -> cart (apm.service),metrics|logs|traces,4.41447114944458,10000,1287767,True,0.03901219367980957,86,20,72,77,0,0,6,3,0,33,48,2,0,0.0001323223114013672,httpError5xx,,,,,313.2361350059509,6,12198,375.6620845794678,False,F010-slowSQL,F007-memoryPressure,0.0,Middleware&DB,JVM runtime,469f8e313055adba13ca3f4e76c65505,ed13cb14265f98d9eb3b89b664760adb,proposed_hybrid,kaggle,google/gemma-4/transformers/gemma-4-12b-it
t103,0.5,0.0,0.3114,0.2934,0.25,1.0,0.8333,19.989336252212524,1.6219546794891357,11.945837020874023,6.017827987670898,0.3380424976348877,0.006803274154663086,1.3828277587890625e-05,0.008343219757080078,99,30.46146249771118,ed13cb14265f98d9eb3b89b664760adb,F014-httpError5xx,2,inventory::/api/v1/inventory/{productId} (apm.operation) -> inventory (apm.service),metrics|logs|traces,6.960386037826538,10000,965439,True,0.04213070869445801,104,20,96,101,0,0,0,3,0,16,22,0,0,0.0001499652862548828,,,,,,250.35220956802368,6,10379,308.4395959377289,False,F014-httpError5xx,F029-redisUnavailable,0.0,Application logic,Middleware&DB,ed13cb14265f98d9eb3b89b664760adb,469f8e313055adba13ca3f4e76c65505,proposed_hybrid,kaggle,google/gemma-4/transformers/gemma-4-12b-it